name,text,label
51063191,"去年我：经历了失败与内耗，但向往未来。[SEP]明年我：在一个一本大学中,变得更厉害、更成熟的我。",0
51058698,"去年我：刚刚初三，第一次感到中考的压力，一系列莫名的紧张和担心以及焦虑涌上心头。[SEP]明年我：考进班前十，年级前200,体育各类比赛夺得前三，成绩和体育双收获，并且我的伤痛离开了我。",0
51076105,去年我：非常的乐观开朗，[SEP]明年我：非常的成熟稳重，,0
51059797,去年我：去爬了个山，很累但快乐着，这年领了600的红包[SEP]明年我：要和家人朋友出去游玩，成绩提升一个档次,0
51060103,去年我：准备中考，考上高中，学习一年读了不少书，思维变化不少。[SEP]明年我：读更多书，见更多人，学更多技能，自我自洽不断上升，如愿以偿，万事胜意。,0
51060956,去年我：自负骄傲[SEP]明年我：更加自负，更加骄傲,0
51062527,去年我：学习有些进步了，和朋友相处很开心的。[SEP]明年我：应该会交新朋友吧，应该很开心，,0
51058836,去年我：无知，愚蠢，内向，不爱收拾[SEP]明年我：成熟有爱，大度，包容。,0
51075375,去年我：在我学会骑自行车时拍下的照片，那是有多么的不简单啊！我不知道学自行车我摔了多少次跤。[SEP]明年我：我不知不觉时就长高了许多。我在成长的方面也从理事不懂到渐渐成熟。在家务方面我帮助了我父母很多小事。,0
51060985,去年我：在学业上有所不足，学习方法与效率有待提高[SEP]去年我：在学业上有所不足，学习方法与效率有待提高,0
51077371,去年我：矮小，担地小，内向，不怎么交往，也不怎说话，朋友少的可怜。[SEP]明年我：会有很多朋友，会考上一个好的学校好的高中，在班上我会很开心、开朗，成绩也会上涨，,0
51077169,去年我：自认优雅对人礼貌、对人谦让、不争不抱，对大事立场上之不懂得拒绝。[SEP]明年我：金榜题名，梦想成真，带着全新的自己奔向全新的未来,0
51060001,去年我：1、和现在的我没什么区别除了矮了点2、依旧喜欢画画，不喜欢和别人交往3、对学习的态度不端正，很懈怠[SEP]明年我：1.学习安排更紧张，我应该更设有时间去分配了2、我希望明年的我依旧能坚持自己的目标，坚持自己的意志，为生活和理想而努力，不为外物所影响，不轻易被打败能够坚持到底，即使生活不尽人意，也依旧能不迷失自己.,0
51077333,去年我：去年因为疫情的突发，改变了很多事，期末考试推迟，同字几乎一半都生病了，生活基本都戴口罩。虽然严重，但老师依然付出，带病给我们上网课，这让我十分感动。[SEP]明年我：即解中考了人生的第一次重要就折，我不知结果如何，但是我会十分努力并且享受这份努力，期待我最后的高走。,0
51078134,去年我：迷茫、不知所措、面对问题无法合理处理[SEP]明年我：坚定、勇敢、努力去达到目标，处理好每件事,0
51058756,"去年我：初二，在班上成绩很好，参加了运动会，荣获“最后一名”，但同学们没有嘲笑我，鼓励我""尽力就好"",[SEP]明年我：遇上合格考，英语没达标，高中生涯完蛋，大学希望渺茫。",0
51074562,去年我：我因一次小意外，未获得长跑第一名，现在想着，还是有少许的惋惜。[SEP]明年我：我要坚持练习长跑和排球，加入排球训练队，为校争光，得到荣耀。,0
51062170,去年我：在零步没有取得好成绩[SEP]明年我：进入自己理想的大学去到喜欢的专业跟朋友一起旅游。,0
51059773,去年我：去年我一直执着于我的学习，认为中考没有考好，没能和好朋友去到一个学校很伤心。[SEP]明年我：将过好当下，认真学习，在不同学校和好朋友一起努力，一起奋战高考，都进入一个好大学，,0
51075309,去年我：与家人去欢乐谷玩耍，让我体验我小时候因为身高限制而玩不了的项目，开心极了，在这段快乐的时光里我感到了无比的幸福和快乐[SEP]明年我：讨划家人们起去河南玩一次。,0
51060010,去年我：去年我身高184[SEP]明年我：明年我身高191,0
51058845,去年我：完成了令我又爱又恨的初中阶段，进行了自我反思和蜕变，成为了一个新的自我[SEP]明年我：1、迎来苦闷的高二时光2、祈愿生活平安，顺利,0
51075306,去年我：就这样吧，我的脚疼，这个好像挺好的，不过有点尬，算了吧，去看书咯，书还没有看完，边听音乐边看，就这样。[SEP]明年我：哦，挺好的，我真的有点累，不想了，想了之后就要直视它，之后就再想想最近发生了进什么，吐槽一下，把不开心都扔掉。,0
51059779,去年我：单纯，无忧无虑，想的不多，积极，向上，但控制不好自己的情绪.[SEP]明年我：要学会控制自己情绪，乐观，积极，控制自己的情绪波动,0
51062593,去年我：没什么太大变化，没那么紧张[SEP]明年我：1、上大学先摆烂一年。2、要开始赚钱,0
51061039,去年我：对未来充满着无限的渴望，对学习充满着好奇，对自己取得的一些成就感到自信。[SEP]明年我：对未来仍然会充满渴望，可我也会面临着高考的压力，可我仍会感到自信。,0
51073210,去年我：脸上止不住高兴[SEP]明年我：脸上止不住高兴,0
51076138,去年我：也帅[SEP]明年我：照样帅,0
51062509,去年我：朝气蓬勃.自由[SEP]明年我：不知道,0
51072779,去年我，是一个很菜，在田径上场上被拉很远的小孩[SEP]明年我：在同龄人里面没有人是我的对手，他们都跑不过我。,0
51073263,去年我：还是个小学生，爱好不多，学习保持。与班级中人保持良好。[SEP]明年我：便是初二生了。要学习更有难度的知识。,0
51073222,去年我，我和小学同学们十分快乐的玩耍，没有学习的压力，在班里名列前事，众星拱月。[SEP]明年我：我们的压力更大了，写不完的作业，知识更加深奥难懂，父母施加更多压力。,0
51058016,去年我：郁闷[SEP]明年我：一片光亮,0
51058809,去年我：陷入对考高中的焦虑中，担心自己不能达到自己的目标，事负了家人亲戚的厚望。[SEP]明年我：选高考的选科，希望自己能全身心投入备考，变得更自律，不要太焦虑，不要太累，身体变得好一些，快乐地学习和成长，享受奋斗又精彩的青春时光,0
51058725,去年我：为中考烦恼，父母们了缓解我的压力经常带我出去旅行，和一位非常非常好特别特别真诚的朋友在冷战，给自己的人生作出规划，制决很多友谊中的问题。[SEP]明年我：珍惜和那个朋友的相处，已经和好了也希望异校不会影响到我们的感情，好好学习，早日把成绩提上来，保护好自己不让父母担心，维护好和同学和朋友的关系，和初中朋友见面，回学校一趟。,0
51077199,去年我：我坚持上进，勤奋学习努力锻练，练就了一个好的身体[SEP]明年我：努力进取，剩风破浪寒砺自己，用力前行，厚积薄搏发，继续向上,0
51076174,去年我：我考试落地了。[SEP]明年我：成绩更好一点。,0
51062473,去年我：我对美术更加热情[SEP]明年我：一定会去央美,0
51058936,去年我：还是初三中学生，已经开始为了中考努力学习了，每天挑灯夜战。[SEP]明年我：上了高二，长得更高了，已经熟悉了高中学习方式和环境。,0
51060106,去年我：1幸运2发呆[SEP]明年我：2继续发呆。2有更多事情要做,0
51060076,去年我：明确自己的目标并为之努力，[SEP]明年我：继续坚定信念，为我所期望的目标接续奋斗。,0
51071570,去年我：六年级，生存力好和历险好，我和我兄弟去废墙和破房子里探险，下山不出意外。[SEP]明年我：成绩希望发出二年级的样子强大,0
51058674,去年我：在初中校园，与朋友们共同奋斗中考[SEP]明年我：为学习而持续奋斗，与同学畅聊将来,0
51058727,去年我：上初三，麻木，讨厌考试，考不完的试，写不完的作业，玩不完的手机，而在压力同学们的有趣事情。[SEP]明年我：还上高一，应该会逐渐适应高中的环境吧，希望吧。哦，还会选课分班，激动中带着伤心，要和认识的朋友同学分开，而且我这气温.ng波服和开定的一样，而且我不任我，把心要处当明友的问题，员，行答之了.弃其意不足心烦，没什么大问题，我起开训的.,0
51058783,"去年我：奋战中考，备战体考每天在操场上挥汗如雨，是那般恐惧又厌恶，每周一次的800m,与张可仪天天一起去食堂吃饭一起学习一起读论中考完后的规划，对中考后的暑假充满期待但又对下学期的艰苦奋斗的排斥。[SEP]明年我：高二，或许在奋战合格考，又或许如去年一般在期待着高考后的解放，又或许在焦点着我的成绩，抱怨着物理的难。",0
51058870,去年我：在意他人眼光，腼腆，压力山大。[SEP]明年我：努力学习，奋战高考，提升交流能力、情商，存钱，加强身体锻炼，搞好同学关系，提高学习效率。,0
51058857,去年我：初三那年，用尽所有资源和努力来弥补我在前二年中学习的缺陷，总是在午休后和晚饭找老师过关，过的很充实也很快乐[SEP]明年我：步入高二，我希望能保持自由，不希望被更多的规则限制自我，也会来分班选课，更多的作业我希望我能写完,0
51058019,去年我：我刚入高中.走进大山去看了看，以前所有脏、乱、差的地方，现在已经人人使用华为，早已变迁了，[SEP]明年我：完成自己的大学梦，要继续坚持努力，要做好妈妈坚强的后盾。要婆婆与我一同出去玩。,0
51058096,去年我：养了一只荷兰猪，它很可爱，也遇到了一个很好的人[SEP]明年我：会更加努力的学习，和好朋友继续一起快乐的玩耍，遇到更多自己喜欢、有意思的人,0
51077190,去年我：能和同学和睦相处，对他们也有了些许了解，能按时完成任务，学习刻苦，比较放松。[SEP]明年我：升入高中，开始进入新的环境，有些腼腆有点胆怯，也有些许期盼，学习依然游刃有余。,0
51060034,去年我：美得很超过，越来越漂底了长得太美了[SEP]明年我：长得更美了，将更优秀更吸引人,0
51060118,去年我：选择了文科，但几年一直过得浑浑噩噩的，心有浮躁，没有怎么认真学习，感觉浪费了很多光阴，有点可惜，对自己有点恨铁不成钢感觉[SEP]明年我：更努力学习，成为个最好的自己，朝自己的目标靠近，成一个让自己满意的人，,0
51072877,去年我：“疯”味十足。[SEP]明年我：分类课换成别的。,1
51058123,去年我：1、珍惜当下2、想一自己过去的那些有趣的经历[SEP]明年我：1、看有明年的自己长什么样2、看明年的自己过的多么样3、珍惜当下,0
51075432,去年我：热爱生活、爱笑、[SEP]明年我：热爱生活，爱笑，刻苦学习,0
51059986,去年我：目标不明确，得过且过，但是也很开心，比较空闲[SEP]明年我：目标明确，坚定的走下去，尽管很忙，每天过的很赶，但忙里偷闲，熬过就好，美好的明天等我,0
51071573,去年我：与好朋友一起去了峨眉山，与同小学同学畅想未来。[SEP]明年我：要让学习提高。与好朋友还保持联系。,0
51075330,去年我：还比较内向，有点调皮，但也开心。[SEP]明年我：可能会更开朗，也有可能内向。,0
51060091,去年我：一直没有目标，随波逐流，对生活学习上不上心。在游戏中昏昏度日，觉得自己的未来没有希望，摆烂，失败[SEP]明年我：我到了属于自己的目标，并为之努力奋斗，在游戏和学习中找到平衡点。满足了娱乐，又达到了学习目标，有希望的,0
51074515,去年我：不管去哪里都带着口罩，不想说话。[SEP]明年我：考上一个好的高中，去追求更好的自己。,0
51058854,去年我：被孤立、不被理解，每天努力为了挣脱这种环境[SEP]明年我：会交到更多朋友，学习变好,1
51058888,去年我：整日学习，为上什么学校而苦恼，天天感觉很累，看见周围的人也整日埋头苦读。[SEP]明年我：明年就要高二了，要更加刻苦地学习，为高三做准备，一切娱乐活动都取消了，空闲时间都用来刷题，吃饭的时候可能都在背书。,0
51072797,去年我：有些幼稚，有些不想学习，贪玩。[SEP]明年我：积极学习努力拓展知识面，成为一个品质优良的学生。,0
51063159,去年我：平平安安过完年[SEP]明年我：考个好大学,0
51073269,去年我：成绩下滑，有很多毛病[SEP]明年我：节节高升，越来越好，兼多陪伴家人，改正不好,0
51077271,去年我：时而懒情，时而勤奋，渴望进步，却常常心有力而力不足，所以时常很痛苦，渴望、迫切取得结果[SEP]明年我：走进渴望的地方。不后悔不遗憾。但无论最终是否如愿，我都接受，再想办法。,0
51059746,去年我：1、学习不努力2、身体健康，放纵，不锻炼[SEP]明年我：1、学习努力，成绩变好2、身体健康，强健有力,0
51072868,去年我：在上小学，那时的我喜欢玩。[SEP]明年我：成绩好点。,0
51061792,去年我：开心沉浸在中考后的狂欢中，期待幻想自己的高中生活。[SEP]明年我：再熬一熬就毕业了，再忍一会儿,0
51073307,去年我：在散打班交到了一个很好的朋文。爸爸妈妈给我买了一辆喜欢的自行车.[SEP]明年我：1、应该更和班上的同学相处一样融治2、可希望能在学习数学的道路上更进一步3、还能保持现在的心态，保持乐观,0
51059818,"去年我：对学习一点不上心,一天除了想着玩就是玩[SEP]明年我：学习成绩到比现在好",0
51072818,去年我：成绩不好，没目标[SEP]明年我：加油，考上B优，成绩提上去。努力。,1
51077220,去年我：还是初二。这个时候应该是只上网课，又回到小学熟悉的感觉。每天都挺充实的。[SEP]明年我：会在自己喜欢的高中里上学。可能会为课程，学习焦虑，也会感谢自己的努力并鼓励自己，,0
51058951,去年我：努力复习，备战中考。[SEP]明年我：压力更大,0
51063215,去年我：开心，有令人回忆的事，有一段经历，有一些人，他们都好好，去年的时候还在读书天天放松不以为然，还在天天的将上学。[SEP]明年我：会药上大学，交不同的朋友，去更多的地方。,0
51105437,去年我：毕业了，我得快乐，高兴。[SEP]明年我：我初二了，我开心，快乐。,0
51058031,去年我：努力备战。[SEP]明年我：继续努力,0
51060094,去年我：在暑假游遍祖国东南河山[SEP]明年我：在为职考而奋斗，最终等到录取通知书,0
51076132,去年我：感觉没有什么问题，觉得很平常。[SEP]明年我：感觉可能会有点离谱，感觉当时的想法非常的不合理。,0
51072844,去年我：还有多久上初中啊！快点毕业！[SEP]明年我：多加油，考上一个好高中,1
51077310,去年我：没有完成自己定的目标，有些难过，对以后没有把握。[SEP]明年我：要考上一个高中，走进高中的大门迎接新的生活，挑战，对自己充满信心。,0
51073301,去年我：快要升到初中，内心感到紧张又激动。一边和同学讲话，一边想着美好未来，珍惜眼前的时光害怕到初中见不到小学同学。[SEP]明年我：做好紧张的学业，一边玩，一边学习，过好一个新的年，期待一年后能顺利考上心仪的高中。,0
51072761,去年我：小学成绩优异，很开朗，但时常被父母冤枉，被同学孤立，使我心情越来越不好。[SEP]明年我：初二了我想我成绩可能根本不好，每天越来越压抑，学习压力也更加繁重,2
51072847,去年我：我过生日时意外惊喜，让我开心了一整天，乐此不疲，跳来跳去的。[SEP]明年我：我希望明年我可以去洱海玩，吹吹海风玩玩沙子，完成我的旅游梦，我还想去拍一组写真。,1
51059764,去年我：没话说，想的太多、没干正事、[SEP]明年我：差不多好一点但不多，一个逼样，但愿能更好吧,2
51061021,去年我：迷茫、崩溃，因为疫情在家，学不进去，焦虑，父母也不理解，和同学关系不亲，一个人难受无处倾诉。[SEP]明年我：走一步是一步呢，如果太早去想未来，我觉得我做不到那么好，想家很美好，现实是残酷的，我不是一个很有志的人，只是希望父母能更加开明，更加理解我一点吧。,2
51076085,去年我：很矮一只[SEP]明年我：应该会成熟一点了,2
51060085,去年我：刚刚进入高中，不清楚自己的目标，目光仅仅在于过完每一天的生活。我总是不想太辛苦自己，想着“现在这么累，就算未来有所成就，万一在我能享受生活之前出什么意外，那太不划算了“于是及时行乐。[SEP]明年我：面临高考，我会保持最佳的冲刺状态，背水一战。我想高三是人生中最重要也是最难它的一年，只有忙碌才有意义。,0
51073313,去年我：我妹妹出生了。妈妈爸爸不爱我了，眼中只有妹妹。当时一家人非常安静，谁也不敢出声...[SEP]明年我：明年我可以把我的语文成绩提上去。成绩可以好，明年我还可以再和我的同学一起去书店提高语文成绩.,1
51102214,去年我：我是一个很胖的小女生，并且正在焦急的准备着我的生地结业考试，也是一个很叛逆的孩子，在家长眼中[SEP]明年我：我会将学习成绩再一次提高，让自己更自律，达到目标与暂时的理想。,0
51074497,去年我：打乒乓非常快乐，帮助我认识了更多的人，也让我更快乐[SEP]明年我：让乒乓球的技术变好，让我更快乐。,0
51060058,去年我：不安地在床上，彻夜难眠[SEP]明年我：在艺术学校用功地学习，参加艺考时的的松弛神情,1
51077223,去年我：我的成绩怎么样，我长高的多少[SEP]明年我：我将会在哪所学校，我将遇到怎样的同学呢,0
51062485,去年我：对未来充满希望，安排好未来的计划[SEP]明年我：依旧对未来充满希望，安排好更长远的计划,0
51073316,去年我：与朋友、同学无忧无虑，自由自在地玩要。学业没太大压力。[SEP]明年我：上了初中，学习压力大很多，写不完的作业，刷不完的题，考试大多不太如意。但与同学处很好，也挺快乐的,1
51059791,去年我：无照片[SEP]明年我：实办沉淀美术生，一定可以考上喜欢的大学,0
51071499,去年我：优点少，缺点多，经常不认真，上课发呆，自制力不强，拖拉。[SEP]明年我：改变自身的缺点，上课认真，学习上进，不拖拉爱卫生，多多听讲，改变自身。,0
51059758,去年我：有努力过但不够，没有坚持下去。[SEP]明年我：好好学习、坚持努力,0
51072859,去年我：在小学快乐、阳光、轻松。[SEP]明年我：在初二会辛苦、拼博、奋斗。,0
51058821,去年我：刚升入初三，每天都要进行体育锻炼对我来说很痛苦，我不愿再回忆起那时的时光。科目的难度上升得很大，去年我也因为疫情在家里学习，生活得比较好[SEP]明年我：明年我将升入高二，高二也会更难，还要进行分科，我会深思熟虑，我明年会回老家看望亲人，拜访亲戚，也可能会去旅游，生活还得丰富多彩,1
51058667,去年我：面临中考压力，焦虑但快乐，对未来十分憧憬[SEP]明年我：有着更为详细的目标，已经长到了172，在个人健康、习惯方面有提升，突破自我。,2
51077160,去年我：创下了历史，考到了年级11名[SEP]明年我：将再创历史，拿下国标李信，,2
51058007,去年我：挺清秀的，总是被叔叔阿姨说有点女孩子气[SEP]明年我：应该会变帅吧,2
51060070,去年我：正在艰苦向前奋斗，经过无数严暑，寒冷的历练后，变的更加坚强，从容，谈定[SEP]明年我：我能大学录取通知书拿到的那一刻，我会轻松一下，彻底以崭新的姿态面向新的征程和新的生活。,0
51073304,去年我：意气风发，争强好胜。在生活中各地都可以见到[SEP]明年我：努力学习。见到家人时间少，在学校的时间多。,0
51078111,去年我：成绩忽上忽下、比较快乐，没有出省旅游，有遗憾、为生地会考、身心疲惫终成功了.[SEP]明年我：成绩理想、考上理想高中，放假去北京！不让父母失望、积极向上，不留遗憾,0
51075336,去年我：拿着好的成绩，开心的回到家中，和同学开心的互动[SEP]明年我：拿着高中学校的录取通知书，吹奏着欢快的乐章,0
51063229,去年我：要快乐不快乐的感觉，有很后悔的事。[SEP]明年我：考上心爱的大学，毕业旅游顺利的慎重决定，对得起自己，不让自己回到痛苦的时候,2
51072753,去年我：还是一个六年级小学生，得过许多奖，是老师眼中的好学生，还是二星章少年[SEP]明年我：要认真学习，与同学打好关系。,0
51071478,去年我：矮、不听活、自卑、脾气差.[SEP]明年我：会努力改正自己。,1
51062476,去年我：若隐若现的下颌线，而是还是去年的我[SEP]明年我：就高考了，开心，嘻嘻，肯定会有钱的吧,0
51072800,去年我：生病时，在医院过的生日，是多么的难忘[SEP]明年我：一定要过一个让我满意的生日,0
51058043,去年我：无须回望[SEP]明年我：天命不可更改，明年我会是什么样的到现在的我还不知道。,0
51060004,去年我：没印象，估计在原神启动！[SEP]明年我：重拳出击，别人的美食，吃！别人的钱，抢！从此成为人上人、警局里包吃包住、开玩笑的.没啥计划、精神状态异常美丽，高中生是这样的，学习没有不疯.,0
51058885,去年我：抽象、谎诞、合理、渴望改变。[SEP]明年我：可能会好点。,0
51102199,去年我：天真，纯朴，善良[SEP]明年我：成熟，稳重，有责任心，知道自己要什么。,0
51071552,去年我：被同学嘲笑。[SEP]明年我：别人都和我玩。,0
51060025,去年我：刚上高中，十分期待，经历了疫情，有压抑的网课，[SEP]明年我：即将高三，我会更加努力学习，我有钱之后演唱会.,0
51059702,去年我：和现在没有什么太大的变化，可能区别是认识了更多同学，长高变胖了一点点，成绩下降了一点点等等。[SEP]明年我：可能也会和现在的我没什么区别，不过一定会努力学习，为了不让父母失望，也同时为了自己。,0
51077324,去年我：虽然有点不成熟，但是那时会比现在幸福。[SEP]明年我：可以出去玩，会感觉很好，会交朋友,1
51075342,去年我：学习成绩不是那么突出，所有的知识都是在期末时才零零散散地认识到，上课有时也没有认真听讲，但期未成绩还算理想[SEP]明年我：上每一天课都认真听讲，在记笔记时不偷工减料，在复习时认真，把自己的基础弄好，避马虎的现象，希望自己的成绩再提高。,0
51077339,去年我：觉得中考离自己很远，努力的对付生地会考，取得了满意成绩。[SEP]明年我：不负家人期待，不辜负自己的努力，如愿考上梦想高中，在里面好好学习。,0
51073240,去年我：爱闹腾，不听话，总在跟父母吵架[SEP]明年我：英语好，快乐，有个好成绩.,1
51072886,去年我：活泼开朗[SEP]明年我：有所成长，,0
51072785,去年我：没有焦虑，特别开朗，活泼。[SEP]明年我：学习越来越好，不再有焦虑，仍然开明，活泼,0
51058785,去年我：正值初中，在班主任的看管下成功考上高中，但在当时认为非常累，并且对班主任可能有一些怨言，认为她管得太严了。[SEP]明年我：努力学习，争取每一科都过汇考，并且对于自己所感兴趣的学科加倍付出，获得更好的成绩，为之后的高考打下坚实基础，并把高一未知东西再次复习,0
51060994,去年我：刚进入高中，人生地不熟，与新朋友一见面，很迷茫。[SEP]明年我：进入高三，会努力冲刺，考入理想大学。,0
51134025,去年我：更充满活力、没有很多烦恼，有许多时间去充实自己的生活，提高自己的兴趣。[SEP]明年我：即将奔赴高考的战场，我要翻身成为自己想成为人！,1
51061042,去年我：还活着[SEP]明年我：还要活着。,0
51063227,去年我：不记得了[SEP]明年我：不想去想,0
51058733,去年我：初三，为学习忙碌、焦虑，但幸好有朋友相伴，陪我走过一段最苦的日子，有着许多未完成的心愿。[SEP]明年我：积极、阳光。与朋友一同出去玩，了却自己心愿。与朋友一同在阳光下散步，在海边奔跑，与她共赴美好未来。,2
51074464,去年我：比较内向，不敢与人交流太多，粗心大意，有点太活跃了。[SEP]明年我：会变得开朗也会把马虎的毛病改掉。,0
51077353,去年我：还一心觉得自己可以上12中，可是再看到现如今的成绩，能不能高中，都十分的担忧[SEP]明年我：会顺利进入自己所想要去的学校，继续完成自己的军医梦想，向着目标一步一步的前进，从而交到新的朋友，开开心心去面对新的人生挑战,0
51077327,去年我：得了新冠肺炎，很难受，感觉自己生命垂危。过年时，我和亲人的孩子玩得很开心，暑假寒假都过得很充实，认识了许多的新朋友。[SEP]明年我：将步入高中，迎接新的同学、老师，人迹交往关系变化，面对更多的学习压力和试卷，为新生活的改变而努力适应。,0
51071534,去年我：上学后最开心的一年，兔年虽是我的本命年，但喜欢兔子，所以这一年我很轻松。[SEP]明年我：压力更大了，再下又要中考，最终落得，不仅有黑眼圈发而且头发会秃顶。,1
51078161,去年我：是一个乐观，活泼，积极，容易让别人开心的我。[SEP]明年我：要努力积极，勤奋好学,0
51076068,去年我：对去年的一些事有点反悔，不过过我时间，那我会尽可能性的改变这些事，补充自己的目标[SEP]明年我：我会实现我对我自己的许诺。,1
51058921,去年我：为中考担忧，然后在学校有两个很好的朋友，熟悉的同学。[SEP]明年我：变瘦变美，选择了物化生，在新的班级可能有新的朋友。,0
51058120,去年我：在一次考试中取得我最好的成绩，我为自己g x q[SEP]明年我：在分班之后不知道会和谁一个班，也不知道成绩如何，有点焦虑,0
51072889,去年我：认真学习，认真上课，认真做作业时的我，和小学同学一起嬉耍。[SEP]明年我：认真学习，愉快学习，,0
51072821,去年我：我过生日、新年，家庭团圆的画面。[SEP]明年我：学习取得好的成就。,1
51060049,去年我：说好今年瘦到90斤，但是我并没有完成当时的愿望，希望、但愿，明年完成吧！学习成绩一定要进步！[SEP]明年我：一定要瘦到90斤，学习一定要进步！,2
51058873,去年我：对未来充满期待，干劲满满[SEP]明年我：依然期待未来，依然元气满满,0
51071567,去年我：一个每天开心到傻笑的人，[SEP]明年我：心里阴暗，是一个学习的机器，,1
51076177,去年我：听话、乖巧、对学习有冲劲、成绩虽然不算太优秀但至少很努力。[SEP]明年我：可能会越来越叛逆，学习会更加吃力，心事会多到头痛，我的状态会越来越不好。,2
51060019,去年我：忘了，上学[SEP]明年我：继续上学.,0
51077289,去年我：未能做到完美、做到更好、颓废[SEP]明年我：做的更好、天天开心,1
51075363,"去年我：精神不好，上课精神不集中，朋友也不多，早上起来四肢无力。[SEP]明年我：精神状态良好,上课精力集中，朋友也变的更多，与朋友的关系和同学的关系更好了，早上起来精神更好，各科成绩更好了。",0
51058046,去年我：特别喜欢说话，班主任觉得我有些聒噪，但学习成绩都还不错，学校里和朋友，同学相处也还不错，没什么方无趣[SEP]明年我：会更更更更好，不会因为一点小事就一直纠结，陷入恶性循环。能敞开心，多与他人沟通，毕竟人性善,1
51074485,去年我：上初中。[SEP]明年我：长大一岁。,1
51102220,去年我：胆小，无力，扮弱小，担心害怕，无助[SEP]明年我：希望坚强，自信阳光，解脱,2
51058903,去年我：肤色比较黑，身材不太优越，性格敏感多疑，以学习为主，努力为中考拼搏。[SEP]明年我：努力练习跳舞，希望完成出国旅行的梦想，不会一点小事就大动肝火，面貌越来越好看，没有容貌和身材焦虑。,0
51060112,去年我：在家自拍，感觉良好。[SEP]明年我：一定会变得更好看！,1
51076135,去年我：天真可爱，刚上初中时无忧无虑十分轻松。[SEP]明年我：手机肯定拿不到，备战中考，又累又辛苦，早出晚归。,0
51060965,去年我：荒废了大多的学习时间，没有行动起来，主动学习[SEP]明年我：学有所成，不再为学习而担忧,0
51075399,去年我：步入初中一切东西都使我感到好奇，激动的心情也难以言表，对于小学的留恋也烟消云散，一切都那么新鲜美好。[SEP]明年我：我不知道未来会怎样或欢喜或劳累，但总归是那样，早起有月，归家有星，要到在教室门口，或许依旧平凡，但未来定会更好。,0
51059992,去年我：参加了中考，假期很充实，去看了很多书，用好朋友一起玩，同时预习了高中内容..[SEP]明年我：便是高三，好好学习面对高考，努力提升自己成绩,0
51063180,去年我：玩的很开心，和父母关系变好了。[SEP]明年我：去理想的大学。,2
51061774,去年我：惹事多，与很多人对立，想要与人处好关系又被完全拒绝，最后只有一个人认孤独地过完一年。[SEP]明年我：希望成绩提高.，美白成功，减肥成功，这些都是我的计划，也许很难但努力便会有奇迹。,2
51077256,去年我；也交到了很多新朋友，成绩有所提我，十分充实[SEP]明年我：明年我进入高中，将会认识更多来自不同学校的同字，我十分期待明年的高中的生活。,2
51077359,去年我：看CP表演时开心、激动地喊她们的名字，以为她们复合了，我可以大胆磕了[SEP]明年我：去到上海玩，来到剧场，却没在h队看到小偶像的照片,0
51076102,去年我：还好[SEP]明年我：家庭矛盾很大，每天都很悲伤,0
51078167,去年我：还有些稚嫩和不独立，但依旧热爱。[SEP]明年我：会有无限期待和能量，那将是一个新的开始，新的自己。,0
51076087,去年我：无[SEP]明年我：有很多的想像,0
51073319,去年我：对于即将离开小学十分不舍，十分想念小学同学，但也开始准备好初中生活。[SEP]明年我：将继续努力，争取在初中留下一个好成绩,0
51058099,去年我：15岁，还在读初三，在为了考高中努力奋着，每天都在为成绩不好而担忧着，有时会和同学一起出去玩放松一下心情，为了后来的学习补充精力。[SEP]明年我：17岁，已经读高二了，在为了考大学努力奋斗，每天为成绩而焦虑着，周末在完成作业了之后会打一个小会游戏或出共去打球散散心来缓解内心的焦虑。,0
51063235,去年我：不稳定，时常崩溃，与父母接触较多。[SEP]明年我：顺势而行，学业有成，心态平和。,2
51058912,去年我：初三。[SEP]明年我：高二。,2
51077214,去年我：应该好好地训练田径，现在的成绩能好很多。我还是觉得去年自己的感悟对自己的鼓励之大。[SEP]明年我：明年我宝能考上心怡的高中，在别人问起我时我能骄傲的说出学校的名字，这一点会是对我自己最好的礼物！,0
51059755,去年我：浪费时间、无语、嫌弃自己、后悔啊。[SEP]明年我：争取能考上好成绩，近一本吧，不能把一些事全压在父母身上，即便他们支持我主动提出让我去留学，文化再上去吧,0
51063238,去年我：疫情中画画，但压力没那么大，也没那么难过，人际关系也挺好的。[SEP]明年我：染头发去了.毕业成为大一新生开启大学生活,0
51074488,去年我：学习不是太好，长得也不高，然后就缺乏自信心，导致上课不敢回答问题。[SEP]明年我：好好学习，长高一点，让自己变得更好一点，对自己有信心，再自信一点。,0
51058753,去年我：我在努力为中考准备，期待每一次放假的玩耍[SEP]明年我：努力学习，不再沉迷玩耍，我要开始为未来着想,0
51063168,去年我：在学习，看电视。超好玩的。[SEP]明年我：要好好学习，要看完电视，要健身，要耍。,0
51060052,去年我：痛苦，担忧，崩溃，中考失利，迷茫，追星内耗，烦[SEP]明年我：越来越好,0
51060930,去年我：无知，对前路还很迷茫，但未轻言放弃[SEP]明年我：奋勇白上，争取一天比一天好，努力成为更好的自己,0
51073231,去年我：年少，体育非常好，身体也不是很健康，抗打压能力好。[SEP]明年我：更上一层楼，成绩提高，步步为赢。,0
51073251,去年我：去蒙古玩，厨蓝的天空，白白的云朵......或是和同学们聚餐[SEP]明年我：希望满满，成绩优秀，与朋友们良好的交往,0
51062173,去年我：压力还比较小，周未还有双休，比现在的我轻松很多，去年我在周末有空会去周边走走。[SEP]明年我：高考些业完要好好出去玩，去做自己想做的事，和好朋友一起去追星，一起追线下。,0
51075408,去年我：成绩落后，不自信，不诚信[SEP]明年我：要认真学习，自信阳光大方，诚信。,0
51058939,去年我：在中考时的有迷茫的我，对未来不确定的我。[SEP]明年我：为理想有斗，成绩越来越好，为以后学生物打下基础越来越好。,0
51074574,去年我：弱小，胆怯，不积极，学习质量差，不敢与同学老师以及父母倾诉，粗心的。[SEP]明年我：主动、乐观、勇敢，敢于尝试，不开心时，把心中的困惑与父母分享，在学习上仔细，认真点,0
51073196,去年我：有太多遗憾，成绩比较出众，数学有点迷茫，有要好的朋友，喜欢玩，没有压力[SEP]明年我：再接再厉，在学习上更加努力，完成自己的小目标，改正缺点，多做题.,0
51071502,去年我：矮小，黑，十分顽皮，活泼，可爱[SEP]明年我：聪明、能说会道,2
51073184,去年我：对未来没有一个规划，只在意当前的事情。没有很多认识的人，关系不广。非常天真吧[SEP]明年我：将会更成熟，希望我能在明年完成自己定下的目标，且能有自己的一项或两项做的最好的方面，,0
51062542,去年我：努力，积极，成绩还行[SEP]明年我：成功上岸，考上理想大学,0
51075315,去年我：好似一个霉神，走那就会倒霉在哪，每天都丢钱，像被这天整改过剧情一样[SEP]明年我：好似气运之子，比去年好了，不再丢钱，脸气刚正有不尽的力气,1
51062202,去年我：很可爱、很幸福[SEP]明年我：也要幸福,2
51063200,去年我：快乐、平静[SEP]明年我：清华大学美校学院完成长期作业，北高海淀区做家教。,1
51061009,去年我：在家里上网课，冬天不用起床，还可以睡懒觉，玩手机。[SEP]明年我：努力学习，提升各科成绩。为高考努力的奋斗。,1
51102235,去年我：乐观积极，也有一点难傲，改变了自己的性格。[SEP]明年我：为了上高中拼搏努力坚持，有时泄气，懒为成绩忧愁，解题时烦躁，压抑时玩手机，大笑，疯了的样子。,0
51058860,去年我：压力大，疯癫，迷信，高兴情绪波动大，平静又不平静[SEP]明年我：开心，平和、健康,0
51078117,去年我：比现在胖一点，稍微来说更内向，不面对镜头，每天傻乐，只用担心生地会考。[SEP]明年我：至少要比现在更勇敢一点，不要迷茫，确定自己走的每一步，三思而后行。,1
51071514,去年我：内向、快乐、乐趣多多[SEP]明年我：“成绩变好”“不再内向”“大方”“自信”,0
51074467,去年我：天真，不知道前途的重要性，整天吃喝玩乐。[SEP]明年我：面临多重考试，努力奋进，会越来越幸福,1
51071564,去年我：性格好，成绩也可以[SEP]明年我：取得好成绩,0
51072758,"去年我：上了六年级，感觉学习有了压力，作业也多起来，害怕与同学分开[SEP]明年我：升入八年级，作业增加，全科难度上升,上晚目习",0
51072755,去年我：有点无知，不知道自己的喜好是什么，特别内向。一切看别人，几乎不会想着自己。[SEP]明年我：学会为自己考虑，明确喜好——看书。变得越来越外向，阳光开朗，学业有成。,1
51077229,去年我：每天都过的很充实，十分快乐高兴的渡过了一年，没有什么不顺的事情。[SEP]明年我：在学习上要更加努力，保持良好的心态。对未来充满期待，乐观的面对。,0
51058891,去年我：没有什么变化，很狼狈，很颓废，但是，依旧开心，依旧很快乐，总是无忧无虑。[SEP]明年我：希望依旧开心，依旧开朗，依旧平安，依旧幸福，依旧充满着爱，依明充满着希望。,0
51074565,去年我：比今年的我更好，我改变了很多。[SEP]明年我：大概不会那么好，会变得更差。,0
51077262,去年我：学习成绩优异，结法许多新朋友，学会了二次方程、明白了许多道理、见证中华历史的民族英雄人物[SEP]明年我：要勉励，考入七中体育，梦想的靠近，读更多的文学著作,0
51058701,去年我：朋友常伴，学习一般，但能很好打成一片，迷上打篮球，与大多学生一样，未逃过早恋，我认为这都是一切美好的开始。[SEP]明年我：新朋友常伴，旧朋友常联系，学习有进步，只是没能逃过失恋的影响，多愁善感，更多是对新环境的不适应，但在父母帮助正努力着。,0
51134112,去年我：正在读高一或高二，那个时候不像现在那样成熟，因为是刚入校，所以难免会有性激动，现在我非常想念那个时候，有我的一些成长轨迹，有痛苦的、有欢乐的，但那都是我的回忆。[SEP]明年我：正在迎来高三冲击大关，顶着学习压力，为了明年高考场上考出理想成绩，我会不懈奋斗。,0
51077259,去年我：开朗，大方，外向，对学习交满兴趣，对自己的未来充满希望，但有时做事有些浮躁，遇到麻烦的问题，自己一个人不好解决。[SEP]明年我：步入高中校园，相比以前更加沉稳，稳重，做事也更加小心。对未来的希望与懂景依然不变，,0
51074509,去年我：1、去了318玩耍。2、吃了很多美食，与少数民族的人们一起跳他们寓意美好们舞蹈。[SEP]明年我：1、去到西双版纳玩耍。2、拍一组艺术照。3、考上重高。4、提升成绩。5、身体健康、越来越美丽，优秀。,0
51074541,去年我：有点傻，脾气不好，学绩中等[SEP]明年我：达到B优，英语上一百分，数学上120分，语文105,2
51076077,去年我：和我现在一样的感觉毫无特别之处。[SEP]明年我：大概也是和现在一样。我摸不清楚底,2
51077350,去年我：很每天快乐地学习、玩耍、生活很充实又快乐很活泼开朗，学习没有那么努力，但想做好[SEP]明年我：成长稳重.在目标高中里努力刻苦学习、早睡、有充足休息时间，继续学习新知识、结交朋友，学习有进步，有目标有规划做事。,0
51071525,去年我：很开心，每天想着吃什么，成绩在前几，每周最期待的就是周末与爸爸一起的那两天时去，我很开心，[SEP]明年我：希望妈妈可以把两周一次与爸爸见面的时光增加，我如果犯错就不好意思去但一次就是半个月了，我会好好做做作业的。,0
51062205,去年我：迷茫，没有目标，无心学习，每天很乐，陶醉于玩，要总想着玩第五人格游戏，与朋友开黑[SEP]明年我：有目标，坚定努力去实现自己的目标，去到理想大学念书，开心度过明年暑假,0
51076074,去年我：很健康[SEP]明年我：更健康,0
51059782,"去年我：幸福，不成熟，心想事成，[SEP]明年我：心想事成，幸福美满，成熟一些，成绩提升,身体健康.",0
51059761,去年我：我在学习，但不努力，贪玩。我进入了高中[SEP]明年我：我进入高三，即将面临高考。我要去奋斗、去努力、去考上好学校,0
51060938,去年我：无所事事、无计划[SEP]明年我：抓紧复习，冲刺高考，,0
51078146,去年我：生活开心快乐，学业顺利。[SEP]明年我：去到自己理想的高中。为美好的奋斗。,0
51060088,去年我：度过了很平常但独特的一年，我那个时候还很稚嫩[SEP]明年我：会变得更成熟稳重，不让别人担心，不给家庭和朋友造成困扰，我会有更多新的朋友，我会更努力于学习.,0
51102193,去年我：积极乐观，活泼开朗，向往自己的未来。[SEP]明年我：积极乐观，活泼，坚定，向往未来，怀念过去,0
51059687,去年我：还是高一学生，当时我某个朋友还不是现在这样，她很内向，很有分寸感，有距离感，但事与愿违，现在变了，变得我很不喜欢。[SEP]明年我：将全心放在学习上，以学习为目标并保持当下朋友关和，放弃一些不好的人以提升自我为重心。,1
51071508,去年我：变高了[SEP]明年我：不知道,1
51075429,去年我：态度懒散，骄傲自满，狂妄自大，精神抖擞[SEP]明年我：任劳任怨，踏实努力，低调，精益求精，专心致志，容光焕发,0
51071546,去年我：学习不好[SEP]明年我：提高学习。,0
51060028,去年我：完成了许多自己满意的作品，在某些学科上取得很大的进步，每天都对生治充满希望向往，生日时，收到了家人朋友的祝福。受了一两次伤、愈合过程漫长、痛苦，[SEP]明年我：19岁面临高考的压力，但我相信，这对于我来说不算什么、面对高三的学习压力，对毕业后的过论有无尽的想象，以后我会更加成熟，,0
51078131,去年我：没变化[SEP]明年我：自信且阳光,0
51062181,去年我：[SEP]明年我：,1
51060935,去年我：平平无奇[SEP]明年我：未来可期,1
51058689,去年我：刻苦学习，积极运动，早出晚归，早睡早起，在初中最后一年辛苦又充实。[SEP]明年我：努力学习，积极奋进，吃饱喝好，睡足午觉，暑假时出去旅游。,0
51059815,去年我：同学开玩笑不能忍受，学习成绩直线下滑、讨厌那群人[SEP]明年我：拼搏高考、考上理想的大学,1
51074553,去年我：特别的帅气。特别的聪明。[SEP]明年我：特别的帅气。特别的高大。,0
51073199,去年我，开始练字、玩钢笔，我只能说：太酷啦！[SEP]明年我：买字贴，买钢笔，练字。白金的3776富士山旬景限定锦秋C尖，我小娘送我！也是必须好好练字好吧。,0
51059785,去年我：对前路迷茫，遇事不会处理[SEP]明年我：处理好每一件事;与朋友，家人一直好好的.,0
51058833,去年我：天真，不知道高中生活比初中生活更加劳累，但也在意料之中[SEP]明年我：希望自己健康快乐地成长，为自己开心的事情而奋斗，毕竟快乐是这时候有珍贵的。也希望自己在字习生活中尽力而行，在人际关系中多交益友。,0
51059716,去年我：和如今的自己有什么不同，有没有明白自己到底想要什么？[SEP]明年我：会做些什么，为什么会那样，有没有我能使自己安心的人或物。,0
51077301,去年我：去年我心情总的来说几乎每一天都不怎么好，心里总是慌的，几乎每天都很焦碌。[SEP]明年我：一定天天要开心，不要把负面情绪带上来，告诉自己就是最好的,1
51058052,去年我：病痛、脑袋一热。想到去年的自己在学校做的傻事就恨不得回到过去然后重开一遍[SEP]明年我：可能会面对着新的班级，环境有改变，学习会更加认真。会变得更好更快乐，,1
51061006,去年我：和家人出门，在河边玩[SEP]明年我：和朋友一起实现约定,0
51059776,去年我：还未选科，不知道将自己的重点放在哪些科目。有些摆，特别讨厌化学。[SEP]明年我：应该全天都在学习，直到高考后。我在学车，且顺便拿到了驾照。,0
51077184,去年我：我还没有那么成熟，但现在的我们有些幼难，我去年没有十分优秀，想提升自己，[SEP]明年我：我这已经升入高中，和同学们一起努力学习，但我还是喜欢看动画片，喜欢和妹妹一起玩,0
51072865,去年我：是一个小学生，十分幼稚，和同学关系很好，成绩一般[SEP]明年我：是一个中学生渐渐长大，朋友变多。,0
51075378,去年我：回老家见了姥爷最后一面，姥爷一生都在为镇上的人打铁，但在度情期间还是永远的离开了我们。[SEP]明年我：将好好学习，去往更广泛的天地，也希望我能对学习保持一颗向上的心。,0
51077277,去年我：1、矮小2、瘦3、大大咧咧4、无知、不懂事[SEP]明年我：1、高大2、身材好3、学习好4、彬彬有礼5、有风度。6、很自律7、帅气,1
51072841,去年我：很可爱，虽然调考考差了很伤心，但朋友们都在安慰我！!!还交了很多好朋友[SEP]明年我：一定会更好！希望成绩再好点，痘痘消失！并且希望我有更多的好朋友！!!,0
51062190,去年我：还在参加市比赛，一心想着上网课，没有想到一年后高三的自己累成这狗样，那时候还有双休，因庆放七天[SEP]明年我：已经考上理想大学，希望能对得起起早贪黑的付出，开启属于自己的人生新篇章,0
51058064,去年我：因政策原因，来了武高的平行班[SEP]明年我：一定要考进武高的清北班,0
51076120,去年我：骑着自行车带朋友一起[SEP]明年我：大有成就,0
51058022,去年我：还只是一个初中生当时已经步入初三后学到了一些知识，正在奋战中考，但是二诊就已经通过调考来到了武高，当时对与同学、老师分别还是很伤心难过的[SEP]明年我：已经进入了高三，应该认会长高几分，就后学到的知识也越来越多，可能我所受到的压力也会越来越多，起来越大,0
51073181,去年我：当时数学成绩还没有很差，现在真的不好，在向往初中生活[SEP]明年我：把数学提升起来，交更多的朋友，给自己争取一个独立空间！,0
51076153,去年我：有点幼雅。行事鲁莽，莽撞，比较倔强。[SEP]明年我：更加成熟。变得更加稳重、有才能、好学。,0
51073260,去年我：和今年没什么变化，没有影响无非换了点儿人，[SEP]明年我：比今年压力更大，初一下学期，,1
51073284,去年我：争到了红包。红包一千全在父母处，但他们没用。[SEP]明年我：要发奋图强，成绩拉上来！身体素质上来！!!100m进14秒。为了前进冲啊!!!,0
51058138,去年我：是一个天天玩乐的人，对学习没有一点上进心，现在也是吧，那时还没有中考，和父母关系也还可以，不像现在一样天天吵架，我那时在父母那还挺乖的。[SEP]明年我：对生活要点期望吧，对学习也是，更会做人，找到自己的出路，少与父母有交往。,1
51077319,去年我：因为疫情被困在家里很多想去的地方没去，没和最好的几个朋友一起出去玩。但是去了雪山看雪，还去了云南。[SEP]明年我：上高中了，要去更多想去的地方，想养只哈士奇，要好好画画。,0
51058028,去年我：我正对中考尽心尽力，写题写到凌晨，妈妈正在我旁边陪我[SEP]明年我：我在操场上打球，谁都不是我的对手，我还换了个发型，与新的同学玩耍学习.,0
51071481,去年我：去年的我还是一个小学六年级的学生，在班级中并不突出，反而是一个默默付出的学习。[SEP]明年我：明年的我就是一位八年级的学生了，我要努力学习，坚持不懈，为将来打好基础。,0
51058713,去年我：去年我还在读初中，虽然还是在初三要面临着中考，但学习压力还是没那么重，心理压力也没那么大，这都和我那些好朋友离不开关系，去年的我希望能和他们再一起待得久一点。[SEP]明年我：明年我保计会选纯理科，每天在教室里学习，写着那让人烦燥的作业，每周周未回一次家，趁着这点空闲的时间，和我的好朋友约出来玩一下分享一下这周的事情，然后又要准备一下周天的返校了。,0
51058765,去年我：重大考试都发挥出自己的真实水平，无悔。年末疫情反弹，还阳了，我真服了。[SEP]明年我：期末考试要和半期一样好，数学争取提上来。分到好的班。合格考政治一定要通过。,0
51058882,去年我：为二诊焦虑，每天都很累，怕自己考下上，经常暴躁，发脾气。[SEP]明年我：希望成绩变好，开心快乐。,0
51078152,去年我：期末没考好，过年时压岁钱没收多少。[SEP]明年我：就要中考了要努力了，上课不走神了,0
51077280,去年我：开心，快乐，焦虑，学习不好，没有方向，漂亮，健康[SEP]明年我：万事顺遂，平安喜乐，健康，快乐，有了一个小小的目标规划。,1
51060997,去年我：非常好，达到了自己制定的单科小目标，并且面对了很多困难。[SEP]明年我：希望可以克服“厌学”情绪，尤其是从轻松环境中脱离出来时，保持好心态。,0
51073257,去年我，天真可爱，懵懂无知，在众人面前闹出了各种笑话。[SEP]明年我：稳重，成熟，遇事不慌张，能很好去面对，,0
51057986,去年我：开心、敏感，开心开心开心！!!![SEP]明年我：自信、努力、成功、瘦、美白运动达人，万人迷,1
51062494,去年我：松弛，悠闲，改变也挺多、[SEP]明年我：可以有自己的大学生活，找工作，脱离现在有些不好的环境，自己可以挣钱，希望自己有所进步，改变，蜕变,1
51075327,去年我：1、成绩不是很好，今年我要更加努力！2、人脉关系很好，今年也一样好，同学们，学长学姐，学弟学妹们都喜欢和我做朋友[SEP]明年我：1、明年中考我要更加努力考一个不错的高中2、向更多优秀的人学习了3、再培养我的兴趣爱好以及我的强项4、希望我的人际关系越来越好。,1
51076129,去年我：去年我感到很快乐[SEP]明年我：明天我一样快乐，一样开心。,0
51059728,去年我：幼稚，清纯，单纯，愚蠢[SEP]明年我：高考顺利，心想事成，成为rapper,0
51074503,去年我：无知、快乐的我[SEP]明年我：是成绩的提升，和分别时的伤心。,0
51077157,去年我：无忧无虑，常常遇到困难，但都能靠自己或身边的同学，学家人，朋友解决，快乐，乐观[SEP]明年我：会进入新的高中，认识新的同学与老师，也会常与初中同学联系，从过去的自己寻找不足，变得更好，积极同上面对生活,0
51062223,去年我：拥有双休，幸福的遭不住，周末有温暖阳光和足够休息时间，有网课上、每天都能实现床上学习[SEP]明年我：学画画、学吉他、叙杠青年我做定了，新疆、西藏等着吧,1
51058863,去年我：开始备战中老，每天都在题海中，周内积累的烦恼全都在周末报复性玩回来[SEP]明年我：改正自己不好的习惯，可合理安排好玩和学习的时间分配，在学习上，更进一步。哦对，在进入高中一个学期整整胖了十四斤，希望在明年已经肥胖的14斤全部减回来,0
51059681,去年我：好多小心愿都没完成，开心时间很多，压力没这么大，经常与父母吵架。[SEP]明年我：要奋力追赶，补上漏洞，尽量少看剧。,0
51078164,去年我：很痛苦，很极端，很悲伤很难过[SEP]明年我：不知道，希望会越来越好吧，希望能多开心一点，多开朗快乐。,2
51076111,去年我：不懂事，贪玩[SEP]明年我：努力思考，学习认真，球技进步，快快乐乐,0
51074568,去年我：无所事事[SEP]明年我：天所事事,2
51077374,去年我：我还能与同学课间嬉笑打闹，也不用太在意学习上的事。只需花点心思，学习上的事就能稳定。[SEP]明年我：能考上一个好的高中，在学习上不会有那么多的抱怨吧,0
51078099,去年我：运动会上，我在和朋友一起看我们班体育最好的人站在领奖台上，[SEP]明年我：坐在考场中，面前是有红格子的答题卡,0
51072767,去年我：去年我生病躺在医院，没怎么读书跟上节奏。所以我要加快学习节奏。[SEP]明年我：明年我学习要比今年我学习更加好，提高好多面。,0
51076090,去年我：成绩还行[SEP]明年我：要比现在努力且要学会更多的生活常识,0
51058085,去年我：压力很大，怕考不上高中，却又怕努力全都白费，找不到方向，感说好像世界都抛弃了我，什么都不想干，也不想上学，只想睡觉，却又睡不着.[SEP]明年我：会更好，,0
51058736,去年我：被初中负责的老师们推着走，为中考冲刺。每晚作业写到第二天，白天上课特别难受，感觉毒素正在流动至全身，呼吸都疲惫费力。痛苦，但又好像没有尽头的漫长初中。[SEP]明年我：还是投入多的时间、精力学习。但课程变难，学得更痛苦，无时无刻不为学习成绩担忧，就算放周末，放长假，也不会放松。,1
51058692,去年我：在家中玩，也在备战中考。[SEP]明年我：努力学习，备战分班考，也许会变得没有那么开朗，呵。,0
51071475,去年我：幼雅[SEP]明年我：成就,0
51072815,去年我：没有精神，上课不回答题。[SEP]明年我：更有精神，上课积极回答问题。,0
51102232,去年我：成绩没有现在好，体育也很差。[SEP]明年我：成绩优异，考上了理想高中，变得越来越优秀。,0
51074482,去年我：情绪不稳定，喜欢乱猜想别人是不是在说我坏话，但还有小区的伙伴们一起玩耍谈心也还好，有袁润芝，覃子思陪我和我一起聊天帮我解心结开导我。[SEP]明年我：一定会认真学习，考进班级前十二，身边的朋友会更好，我的情绪肯定会放宽很好，也不会很在意别人做自己。,1
51073219,去年我：一整年都挺好，如往年一样，只不过只是到了另一个年级[SEP]明年我：听说八年级学习压力很大，我英语本就差，听说八年级英语是断崖式的，希望我可以,0
51058105,去年我：荒废，差点错失二诊这个大好机会[SEP]明年我：已经分好科分好班了，要专心学习，继续发展爱好与特长,1
51058933,去年我：将要离开那个我熟悉的校园。[SEP]明年我：将要崩溃了，这个令人厌恶的环境，但总在要崩溃之时，朋友会将我拉出深渊。,0
51078158,去年我：成绩不如现在，精神状态不如现在，不知道该干什么。[SEP]明年我：将要更好，或着说继续努力，和大多数人相似。,1
51075381,去年我：做事很小心翼翼，常很害怕自己犯了错误导致一些不必要的因素发生，干什么都会记在心中，不会忘记，成绩也不怎么样。[SEP]明年我：做事要大胆，要勇敢，不要害怕错误发生，勇于去创新，突破自我的体育成绩，努力的去学习。,0
51077265,去年我：还是一位幼稚的初二学生。面对考试还会临时抱佛脚。[SEP]明年我：一定要考上一个好高中，在暑假期间好好放松一下。但也要抓紧预习高中内容。,0
51077365,去年我：觉得时间过得很快，学习任务变得繁重，难度逐渐上升、[SEP]明年我：长大了一岁，面临人生的第一次重大选择，思想也成熟了一点。,0
51075312,去年我：走着一般人的路学习，偶尔和朋友玩，偶尔放空自我，生活没有什么不如意，过的相对自由，快乐，闲逸[SEP]明年我：可能在为会考、中考作准备，天天读书学习，可能我会苦中作乐吧，天天和朋友们一起聊天。,0
51058669,去年我：努力为中考奋斗，遇到什么难题，都会主动克服。每次熬夜，但是想到是为自己未来奋斗，充满动力。虽然有时候很害怕自己做不到，但是努力是有回报的。[SEP]明年我：已经做出了正确的决定，为自己的梦想奋斗，生活充实。,0
51061050,去年我：略输文采，低分重现[SEP]明年我：踌躇满志，重回巅峰,0
51077172,去年我：更多的朋友熟悉起来，在学校里有了更多好朋友。但同时也十分紧张，因为那样面临自己中考的第一次地生会考[SEP]明年我：我将会进入一个全新的学校，内心充满了期待，关于我的新同学新老师，新环境一切都十分美好。,0
51073281,去年我：高兴，快乐，学习还行，愉快[SEP]明年我：加油！努力！希望学习好，自信爆棚。,1
51060971,去年我：17岁，又大了一岁，感觉没什么变化。[SEP]明年我：19岁，可以开车了。,0
51058876,去年我：中考前昔，紧张又充实的安排笼罩着我.心中大石迟迟未落，茫然无措。[SEP]明年我：高二迎来更为紧张又困难的学习，分科后精力应当会充沛些。,2
51058055,去年我：走初中的教室不断复习，一边担忧未来，一边平静自己不去想太多[SEP]明年我：努力复习，精神状态良好，学会了以前没掌握好的知识，一点点提高成绩，,2
51058111,去年我：心累、紧张、乐观、坚持、拼命想考上高中[SEP]明年我：努力、坚定、勇敢，努力干出一番成就,0
51062497,去年我：自信乐观，积极向上[SEP]明年我：完成了我的理想，做了很多一直想做却没有时间的事,0
51058748,去年我：全力奋战中考，与同学交流难题；与舍友在宿舍畅聊未来打算；与家人一起商议未来的高中。[SEP]明年我：通对任何学科的难题都能迎难而解；与母亲去峨眉山爬山，泡温泉。,0
51058707,去年我：很糟糕，被老师骂了很多回。暂停了学了很多年的古筝。和当时最好的朋友吵架了。[SEP]明年我：会努力提高成绩。多参加校内校外的活动。会处理好身边的人际关系。会多在乎父母，多关心他们。,0
51058750,去年我：还是一名初三学生，11月成为团圆[SEP]明年我：进入高一下，选择自己喜欢的科目学习，重新进入另一个班级，继续认真学习，争取考上一个好大学。,0
51059740,去年我：紧张，不合群，闲散[SEP]明年我：端正一点，坚强一点，能够省招过来,0
51060097,去年我：完成了许多自己想做的事，但也经历一些悲伤与痛苦，但我都熬过来了，甚至交了好朋友。[SEP]明年我：努力学习，为心中的目标而奋斗，不幸负大家的期望，做到自己快乐也很重要！,0
51063186,去年我：有在活着，他们都活着。[SEP]明年我：可能活着，他们可能死了。,2
51077151,去年我：我在羽毛球场打羽毛球，我备战的各种场景[SEP]明年我：我在书桌前理头苦干，对中考即激动又紧张，不知疲倦地学习。,0
51077148,去年我：八年级，没有这么高，开开心心，和现在一样戴眼镜[SEP]明年我：毕业啦！怀着梦想去理想的高中，,0
51062491,去年我：高二[SEP]明年我：大一,1
51059737,去年我：度过了初中的学习，踏入新的高中学习[SEP]明年我：将进入最紧张的高三学年,0
51071537,去年我：爱玩爱笑[SEP]明年我：认真、努力,1
51077244,去年我：是水货，学习不认真的，同时也十分拖沓也不能在家人面前控制情绪。[SEP]明年我：一定会为上高中，还逆转成学霸，同时我还能控制好自己,0
51061018,去年我：好！[SEP]明年我：更好！,2
51078105,去年我：很幼稚，思维不开阔[SEP]明年我：一定考上了好高中希望是川附新城，可以拥有一台电脑学学其它东西,0
51063209,去年我：贪玩的，在周末会玩很久游戏，但又认真学习。[SEP]明年我：会考上理想的高中。摆脱父母的控制去做自己喜欢的事情。,0
51071516,去年我：和小学同学们一起快乐、愉快地上学，期待接下来的每一天，对自己信心满满。[SEP]明年我：希望能考个好成绩，在长大一岁后，能变得更坚强。会尝试更多不同的事情。,0
51077368,去年我：乐观向上；对学习保持干劲；去努力拼搏奋斗，对未来充满希望[SEP]明年我：考上自己喜欢的高中，去追逐自己的梦想，做自己喜欢的事,0
51060100,去年我：幸福，迷茫，不知道自己做的是否正确[SEP]明年我：会变得更强，会变成自己想要的样子.,0
51071555,去年我：我还是一个小学生，无忧无虑压力小，作业少，老师好。[SEP]明年我：我是一名初三学生，压力大，作业多，休息时间长，老师一般。,1
51102223,去年我：对比现在有何不足，如今的我有何创新。[SEP]明年我：能做到怎样。,1
51077235,去年我：跌跌撞撞，经常犯迷糊，然后没有目标。[SEP]明年我：一定拿下中考，和好朋友一起携手考进理想的高中,0
51071597,去年我：十分的不开心，有点担心自己的成绩[SEP]明年我：十分有钱，希望能收到许多零花钱，成绩能上升,1
51060121,去年我：单推了水月，玩了一整年明日方舟[SEP]明年我：继续单推水月，说一整年明日方舟和明日方舟：终末地,1
51075411,去年我：刚踏入初中，十分怀恋小学时光，随着时间的推移，我的生活越来越充实，每天都很忙碌，却不知道在忙什么，即使这样但我仍能感到快乐[SEP]明年我：面对中考的施压，我的学习压力会更重，我可以自己分配的时间，但我仍会以乐观的心态去面对,0
51077348,去年我：胖胖地，没有目标[SEP]明年我：一定要瘦下去，我到自己的目标，并完成它,0
51074470,去年我：心高气傲，无所事事，成绩下滑严重，不明白友情的珍贵，家人的关爱，不爱社交。[SEP]明年我：有事可做，珍惜友情和亲情，成绩尽量提升。,0
51076123,去年我：充满了开心和愉快，但是父母把我养的猫扔了，非常气愤和伤心[SEP]明年我：奋发努力，争取考上好成绩,0
51059696,去年我：矛盾，焦虑，因为一些无所谓的小事开始内耗。后事慢慢解开心结，开始不再内耗。[SEP]明年我：忙碌，充实，每天都在思考，没有那么悠闭，生活更加的充实，累但开心。,0
51077187,去年我：刚进入初二，被物理这道大关栏住，成绩是难看无比，直到我一直不放弃，认真听课在八下期末考物理考上了A优[SEP]明年我：参加完中考，不知是什么样的高中，不知是什么样的同学，也不知是否成为了父母的骄傲，成为别人眼中“别人的孩子”,0
51073287,去年我：过分的幼雅好多不堪回前的往事[SEP]明年我：希望我心中的人可以一直健康快乐，幸福,2
51078120,去年我：玩着手机，躺在床上，机不离手，成绩不忍直视[SEP]明年我：减肥成功，能够很好的控制手机，并学有所成，有所回报,0
51060061,去年我：还行[SEP]明年我：更好,0
51077313,去年我：迷茫、懒、焦虑、内向、不爱说话.[SEP]明年我：考上自己心仪的高中.,0
51073248,去年我：成绩不好，开朗快乐[SEP]明年我：emo的次数可能会变多，长高,0
51076322,去年我：基本上没几张照片，周末宅在家里，一大清早起来耍手机，周天疯狂赶作业。[SEP]明年我：多出去走走，有计划的完成作业，读几本书，多交几个朋友。,0
51077247,去年我：骄傲，内心强大，优秀努力学习，挑灯夜读。[SEP]明年我：荣升高中，放假畅玩，去国外旅行，欣赏世界的美。,0
51074580,去年我：身高一米六，很矮，体重非常轻。[SEP]明年我：身高长到了一米七几，长高了许多，体重也变重了许多,0
51058132,去年我：有些许遗憾，有不开心的事发生[SEP]明年我：一定会做得更好！会更快乐！,0
51072806,去年我，被误会了，但不解释。生日和春节同一天，很开心，[SEP]明年我：期末考进年级前500名。去广东玩、学粤语。过个满意的生日。,1
51074506,去年我：与今年一样但现在的我更加好，更乐观开朗，更有进步[SEP]明年我：比今年的我还要好，会做的更好，学习更好，比现在更开朗,0
51060031,去年我：不自信，摆烂，时常感到悲伤[SEP]明年我：要努力学习，杜绝摆烂，积极向上.,1
51077286,去年我：自己的那些不堪回首的傻事以及讨厌的行为[SEP]明年我：翻阅着乐谱，弹奏着吉他的场景，夜晚写着作业的场景,2
51071531,去年我：成绩不算太好，性格还好，[SEP]明年我：加油努力提升成绩，过的开心快乐,1
51061053,去年我：经历蛮多的，新高一刚进学的憧憬，以及上网课时大家一起上课的画面，然后看到新同学会不知觉联想到以前的同学。[SEP]明年我：冲刺高考，回家的次数越来越少，整天都呆在教室里刷题、背书，可能与同学的聊天只有学习。,0
51059743,去年我：不怎么，很喽，但是身边有很多很好的人[SEP]明年我：应该都会一点点变好,2
51076071,去年我：学习成绩仍不是特别稳，确实有一些胖[SEP]明年我：希望在学习上一步，升天，迎接好中考。比现在更严肃一些，必须要成熟了！,0
51062587,去年我：刘海最满意了，还是没有长痘痘的健康女高，其实挺喜欢色彩的[SEP]明年我：肯定上一个好大学，肯定更开朗，肯定不用为专业烦恼了，嘻嘻,0
51061044,去年我：进入高一，有时候很焦虑，但我很享受学习，爸爸妈妈也赞成我多数想法，按触了更多好朋友，认识了更大的世界。[SEP]明年我：继续上课学习为高考奋力一搏，搬进新房子里周末能和爸妈见面，爷爷奶奶能和我住在一起，明年的时候更多气兄。,1
51058070,去年我：唯一留恋的仅有童趣，而所谓的童年似乎是个幌子，[SEP]明年我：活生生地成了我小时候最恨的模样,0
51063262,去年我：焦虑、不安、悲观。[SEP]明年我：努力改善，配合医生治疗，对抗抑郁，焦虑。,2
51058909,去年我：沉迷于手机，无法自拔。上课不认真听讲，想着多久回家。[SEP]明年我：学习上努力奋斗，考出好成绩。,0
51058851,去年我：在努力学习，然后运气太好了就被调剂指标到武高了，然后和家人在家里呆了几个月[SEP]明年我：有一个远大的上二本的目标，会为之不断努力,0
51073202,去年我：还是小学生，十分荣？，还认为学习是一件轻轻松的事[SEP]明年我：一定要改掉一些毛病，做一个自律的孩子。做到一个真正中学生。,0
51077268,去年我：有着一定的奋斗力。一点也不知道班级上的八卦，并且对于八卦只有一点兴趣，[SEP]明年我：希望可以考上好的高中，走上新的一段路程。继续保持身心健康，希望能与同学和睦相处。,0
51077356,去年我：与同学一起踢球一起并肩作战照片[SEP]明年我：中考结束，与同学老师合影的照片,0
51058108,去年我：胆小、不自信，对于新事物兴趣不是很高[SEP]明年我：逐渐自信、对新事物有了兴趣又更开放了。,0
51078179,去年我：我在过年时和朋友一起玩蛋仔派对，吃烤烤，唱歌。我做了自己很喜欢的美甲。[SEP]明年我：去旅游，和家人一起看雪，海。没有暑假作业，步入高中。,0
51074544,去年我：一直在忍受，不想被瞧不起。[SEP]明年我：接受世俗的眼光，反正都一样罢了。,2
51059713,去年我：英俊，疲劳。[SEP]明年我：强壮有力，身心健康。,0
51058906,去年我：上初三，当时疫情上网课[SEP]明年我：可能跟去年没区别，上高二,0
51058135,去年我：去了峨眉山玩，很开心，但是在购票的地方。那里有被一级台阶绊倒，是两个路人把我扶起来。[SEP]明年我：要高二了，时间会过得很快，我会满17岁，再过一年就成年了。,0
51071496,去年我：开心，活泼，和小学同学相处得特别好，跟老师表达感谢，写信，和同学一起聊未来。[SEP]明年我：忙碍，和同学讨论题目，眼上出现黑眼圈。高了一点，成熟了一点。,0
51058695,去年我：去年的我，心怀希望，是一个勇敢的人。有尽管会失败也要坚定做自己想做的事的决心。我能想到，我一次次去找老师问数学，每天在学习中充满坚韧。[SEP]明年我：会更快乐（?)，更丰富，更加勇敢。明年的我，出自于内心的渴望，她可以在演讲中自信开朗，虽然今年还没做到。,0
51072764,去年我：肥胖慢。懒。无聊。每天基本没事干。躺在床上无所事事，每天动也不想动[SEP]明年我：多找点事干。多去走走。多运动运动。,0
51062515,去年我：忘了，感觉与现在没什么变化[SEP]明年我：不知道，但第一要务应该准备高考,0
51060991,去年我：考完中考后，感觉一切无所谓，开始摆烂，走一步算一步，没有什么目标[SEP]明年我：想做出改变，把自己懒散改掉，开始认真学习,0
51077241,去年我：因为正青春期可能有点情绪波动，但仍不能影响我本身的乐观心态，虽然也有不悦的事，但都已经解决，觉得自己是一个专门治疗“心理“的心理学家！[SEP]明年我：我一定会考上四七九！就算现在未达到，但我想在太不久的为了，我一定行，我这么优秀，很难不考上四十九好吧！我一定行没有人能打倒我，只有我自己。,0
51071528,去年我：好想长大，长大就可以去赚钱了。[SEP]明年我：好想回到过去，这学习太难了。,1
51072776,去年我：不懂事，学习没有认真，最热爱的体育运动也没有好好对待[SEP]明年我：又懂事，学习认真，也要好好的把体育也给弄好。,0
51061065,去年我：学习压力没有很大，对高中生活有着很大的期待，我因此踌躇满志。[SEP]明年我：我希望仍不忘初心，牢记去年的警言，继续努力，敢于斗争，不断提升自我，不骄傲，为自己以后的美好生活而努力。,0
51059705,去年我：中考结束，以为高中辛苦、疲劳，但因为疫情，留下记忆深刻们一学期。[SEP]明年我：,0
51071490,去年我：比较自卑，因为容貌，成绩，身材所被取笑，毕业时并不难过反而很快乐。[SEP]明年我：一定会成长进步，不被他人瞧不上，我想成为一个善良爱心的人，成级也要上升，超越自我，让父母骄傲！,2
51074539,去年我：身体健康，有父母有爱，成绩虽不是很好，但自己还有信心提升。[SEP]明年我：努力学习，争取取得个好成绩，不让母失望。,1
51058710,去年我：积极备战中考。我的成绩起状不定，初二时的成绩更是低到班级20多名，老师也找我谈心，在这之后，我努力刻苦学习，不懂就问，最终中考逆袭，考入了好学校。[SEP]明年我：将要分班。犹豫到底选哪些优势科目，因为各科成绩基本都比较平均，对未来专业也很迷茫，到底是选政史地，学法律？还是物化生，搞科研？选科不同，分班不同，与同学分别也有不舍，也很犹缘要不要通过艺考，选美术专业。,0
51059722,去年我：因为与生病休学了，复学一段时间病情加重，差一点不能继续上学[SEP]明年我：成年，可以做很多想做的事，考驾驶证，买车，自驾西藏,1
51063183,去年我：有快乐有烦恼。[SEP]明年我：积极阳光，充满希望。,1
51077298,去年我：完成了生地会考满分。[SEP]明年我：会到自己梦想中的高中。,2
51073207,去年我：被全班欺负，当个班委也被老师骂，但我把他们收拾回来了，并且成绩也提升了人际也变好了，心态也变好了。[SEP]明年我：多交几个知心朋友，再把分数往上提一提，暂时放下手账，备战中考。,2
51077304,去年我：幼气未减，快乐并痛苦着。不懂事，不服管教。[SEP]明年我：成熟稳重，明事理了，明白一切了,1
51060944,去年我：初上高中，对新鲜事物满杯期待，自己的学习问题让自己情绪失落，家庭和谐，对自己未来充满希望。[SEP]明年我：加油努力，完成自己之前完成不了的事，改善自我，奋发图强。,0
51060043,去年我：正努力学习[SEP]明年我：努力学习,1
51071558,去年我：在六年级思考毕业时的样子。有多么伤心。毕业典礼的难忘。[SEP]明年我：在七年级和八年级之间游走。有更多的学习压力,0
51063165,去年我：比今年更好[SEP]明年我：不知道，没有思考过,0
51076096,去年我：我还是7年级的中学生，刚走进中学的大门[SEP]明年我：明年的我就是9年级的中学生了，马上就要走进高中的大门,0
51062235,去年我：那不时候还不知道我要什么。但现在我有了明确的目标[SEP]明年我：一定会和最好的朋友友去同一所大学。去理想中的专业，干自己喜欢的事情。,0
51072782,去年我：无和，时别会想着明天会发生什么，总会去期待什么。[SEP]明年我：将又会成熟一点，长大一点，懂事一点,1
51075318,"去年我：潇洒，轻松，快乐，我在初一的那个学校过的很随意想做什么就做什么，我和老师也如知心朋友一样，想说什么就说什么，我们之间不在在什么长辈关系，完全不会害怕，只会把老师当作朋友，我很喜欢那个学校的导师制度，我的导师及年级主任在上学期帮我缓解了我和母亲的关系，我很感谢他们[SEP]明年我：努力冲进年级前250,冲进班级前4。在语文方面，我想提升的有许多，先定一个总目标：上110分。在英语方面，我最想提升我的听力，目标：上120。在数学目标：125。我希望在明年，我不仅能够提升自己的文化成绩，也能提升自己的体育成绩。与朋友越来越好，和家人越来越好，祝，明天一定超过今天！每天顺利",0
51058001,去年我：身体不是很好，常请病假、医生也让住院但想看要考试没有，[SEP]明年我：愿我健健康康，成绩飞升，前程似锦，烦心事通通退散,2
51071594,去年我：特别会下国际象棋。[SEP]明年我：习惯良好,1
51077196,去年我：我对于学习不是很上进，每天回去就是打游戏，一个人走着或许这就是我学习不过人家的原因。[SEP]明年我：我必将俯望山下，站在群山之巅，望星河。我的目标是星辰大海。在那刻，我将目光长远。,1
51058025,去年我：忙忙碌碌，一无是处。[SEP]明年我：苦于学业奋斗一整年,0
51061047,去年我：没什么太特别的与平常一样[SEP]明年我：一切未知，不能惘下定论，可能更好或更差，期待会更好。,0
51075354,"去年我：精力充沛，学会了很多生活小常识。并且我也顺利完成了小学的学习生活。并且多了一门兴趣爱好——跑步，在我和爸爸的努力之下，顺利完成了2km的慢跑的任务。[SEP]明年我：更加把一些坏习惯改掉。我还要争取每一科的成绩上“115+”,并且要上B或者是A等。我还要适当多练题，整理错题。并要学会煮饭。",0
51075339,去年我：开心快乐，天天向上的人，爱开玩笑让人烦的人！[SEP]明年我：积极快乐自信不怕困难,0
51062482,去年我：为高三生活联考逼近而苦恼，漫无目的不会学习[SEP]明年我：在一个令自己满意的大学里做自己喜欢的事，并完成好学业,0
51077253,去年我：我人为去年我与现在来说，有不足的出现，但被我现在所补，去年我还有许多事没有尝试，去年我年龄小一些，头发短些[SEP]明年我：明年我会更好。我会拿到我想要的事物。最终可以进入我理想的高中，明年我掌握更丰富的知识和能力。成就更好的自己,0
51076156,去年我：刚到学校什么都不熟悉，没什么朋友[SEP]明年我：正式成为川附西的一员，也是成功成为班级体中,0
51073290,去年我：不认真学习，没考好，作业也写得慢，课上不爱举手。还给老师讲了题。[SEP]明年我：认真学习，积极发言，没有拖拉。也要去问自己不懂的题。,0
51102196,去年我：不成熟，不自律，想法多，梦想很多。[SEP]明年我：沉稳，生活正常，好友一起玩闹，学习顺利，向社会进发,2
51058082,去年我：还在初中，每天和一群知心好友回家后聊天，谈天说地好不开心，在游戏世界中畅游。无止境地购买文具和习题，对未来期待，[SEP]明年我：想要进入文科班有同好，和好友保持联系，成绩不偏得如此严重，减少花销。,1
51076162,去年我：对干初中生活很期待，想认识许多新朋友。[SEP]明年我：明年就要生地会考了，我想取得一个好的成绩。,0
51076337,去年我：考了数学第一，开心、激动，憧憬未来的生活，且那一年刚步入初中，充满了未知[SEP]明年我：奋发向上，夺得班级第一。去一些很好玩的地方吃一些好吃的，看一些好看的书。,1
51058102,去年我：啊，去年我是那么的懂事，是那么听父母的话，是那么的体贴父母，关心父母[SEP]明年我：明年的我学习是那么的努力，一定要考上一个理想的大学,0
51078140,去年我：是一个不懂事的小孩子，不理解父母的孩子。[SEP]明年我：是一个懂事，乖巧听话的孩子，是大人们的小帮手。,0
51060982,去年我：[SEP]明年我：,2
51061062,去年我：去年我被奸人陷害，重活一世，我要把我失去的全都夺回来，快意恩仇，杀伐果断，快意恩仇。[SEP]明年我：明年我登临大道，羽化飞升，凡人的高考不过易如反掌，我略微出手，便已经是试卷的极限，我是天才。,1
51058683,去年我：情场失意被孤立，父母闹矛盾，中考涂错答题卡[SEP]明年我：向我的梦想努力，努力充实自己，买switch，画稿赚零花钱：3,1
51076319,去年我：刚上初中，当时还没有完全适应新的学习环境，过了一段时间我认识了许多朋友。[SEP]明年我：会更加的努力，成为自己想要成为的人，实现自己的目标。,0
51072839,去年我：没现在成熟，基本没现在高，有点微胖[SEP]明年我：打算吃多点、长2斤、因为已经瘦下许多，和长高点,0
51076343,去年我：刚来初中，但是慢慢的认识了很多朋友，我很喜欢。[SEP]明年我：成绩飞升！数学更一上层楼。,1
51077232,去年我：成绩起伏很大，但并没有应此而放弃学习的动力，十分努力地读书，我认为我很棒！经常鼓励自己，在同学里比较受欢迎[SEP]明年我：当然是不断地学习，考上一个自己理想的高中，家庭和睦，我会努力再努力的学习，相信我自己一定可以的，我会在新班级中很受欢迎，,0
51062488,去年我：很喜欢美术，朋友还多[SEP]明年我：联考不好，也许会复读，也许会进大学,2
51063250,去年我：在学习。那时候我学画画还很悠闲。[SEP]明年我：高考毕业了，我将拥有3个月下段期，我可以去各处玩。,1
51077211,去年我：地省会考，每晚苦记生物地理。拿到两个满分。[SEP]明年我：将要参加中考，定人生命运，可能能进理想的高中，,0
51078096,去年我：我没有制定计划，对学习不上心，打篮球对不认真，放假时，没有规划，虚度光明[SEP]明年我：要制定计划，并按照计划进行，努力练习打篮球，努力提升自己，学习也要有上进心.,0
51058079,去年我：为什么当时没有为自己的未来拼搏一次呢？觉得自己好没用，当时很傻，还有自己在教室里有笔疾书的样子，在办公室被老师教训，还有老师皱紧眉头，让我感到不安的样子.[SEP]明年我：学习成绩良好，妈妈十分欣感，在各科上学有所成，爸爸好妈不再担心我的成绩，我也满面开心,0
51078129,去年我：学习不好，素质不行，爱打游戏[SEP]明年我：学习我会努力，身体素质要慢慢的变好，游戏尽量少玩，多做点户外运动。,0
51075321,去年我：摆烂放纵，令人讨厌，令父母担心，再如行尸走肉般过着每一天，最喜欢的数学也没有心思学，上课睡觉，成绩不断下滑，数学也学不会，英语不会写，背不到。[SEP]明年我：努力，拼搏，每天精神好，一步一点进步，上进，将数字成绩提高，把英语语文也拉上来，每天积极过关，不偷奸耍滑，上进,1
51075384,去年我：时开心时消沉，状态不是很好，大大咧咧，成绩起伏不定，不太想学习，上课不认真。我朋友经常出去玩，成绩总体还不错[SEP]明年我：暴富暴长高变帅，认真学习，向年级前300名冲刺，要天天开心，没有什么事可以影响我的心情，认真上课，调整状态。,0
51062178,去年我：还是一个未成年，每天过着日复一日枯燥乏味的学习生活。[SEP]明年我：将面临高考，走进大学，体验不一样的生活。,2
51078149,去年我：八上的开学，疫情后在家网课学习，有奇妙的体验，一边渴望着疫情快点结束，一边渴望着能够多在家待一会儿，会有更多的自由的时间，但同时，老师的管束少了，自己的自制力不好，状态都有所下滑。[SEP]明年我：明年已经上高中了，会认识新的老师和同学，在新的学校，压力会更大，学习会更苦。,0
51077181,去年我：没有努力，对待学习不严谨，很颓废，[SEP]明年我：一定要考上理想的高中，暑假过上自己喜欢的生活！,0
51074527,去年我：比较玻璃心，但不出5秒刻复原，有需必给。[SEP]明年我：坚强，有需不给，在幽默上再创新高，吸收超多理科知识。,0
51061015,去年我：在疫情期间，和同学一起联机玩游戏，记得那年冬天，我们都在自己的家里，很温暖。去年没有期末考试，记得最后一周的体育课，我和同学无忧无虑地打篮球。[SEP]明年我：将步入高三，将奋斗这一年,1
51073242,去年我：乐呵呵的跟平时一样。[SEP]明年我：没有什么事能改变现在的我。,0
51060046,去年我：好自信啊哈哈，改在想起来打球也菜！!!得罪了不少人，[SEP]明年我：打球厉害点！!!加油！!!学习该努力了，烦，希望变帅一点,0
51074556,去年我：上初中，结交新的好朋友，忙碌劳累。[SEP]明年我：努力学习，冲刺上好高中，给老师家人满意答卷。,0
51060988,去年我：过得不是很顺利，但好在有了转机，现在过得挺好的。[SEP]明年我：希望成绩上升，暴富，身体健康，我的家人也是如此,1
51073228,去年我：迷茫、消极、懈力、懒惰的一个人。躺在沙发上，玩了一天手机头晕目眩，却依然不歇停[SEP]明年我：白信，满足、惊喜，再去雅安，满足我对深山金秋的欲望，便感觉自己好伟大，完成了那样有意义的成就，并自信心十足，相信一定能找到我的目标。,1
51058848,去年我：我姐姐在KFC吃小吃，和姐姐的同学玩剧本，且不带偏见[SEP]明年我：将与萱萱一起去她家玩，将一起度过一个难忘的时光,1
51058842,去年我：去年的我加入了学校的田径队，那时的我非常开心，做着自己非常喜欢的事情，[SEP]明年我：明年的我每天都在教室里学习，但脑子里会每天想着自己体田径，每天都想去练团经，刻苦练习自己，达到自己向往的人，但一切都不可能了，,0
51063153,去年我：不上晚自习的日子很开心[SEP]明年我：天天睡大觉,0
51062533,去年我：是个高二的学生[SEP]明年我：是个大一的学生,0
51072862,去年我：去国色天香发现买不起票在门外玩[SEP]明年我：去考画画的级,2
51073254,每天8点睡，7点起[SEP]明年我：每天11：00睡。6:00起.,0
51058806,去年我：在天台上拍摄夕阳，接连好几天都是这样，令我爱上了摄影[SEP]明年我：长得比现在高，拿着相机在运动会上忙前忙后,0
51061059,去年我：脑子里只有游戏，不想学习。[SEP]明年我：可能比现在的自己更优秀。,0
51073266,去年我：好笨，笨到了极点。不会处理事，EQ低。[SEP]明年我：ok阿，又是新的一年，我要自律了，争取让别人，刮目相看！,0
51072791,去年我：去年我还是小学生什么也不懂，学习不好，但有着许多好朋友。[SEP]明年我：明年我就初二了。学习压力更大，不能摆烂，日复一日。但我夜晚时也要写完作业再睡觉，但我也有着一群欢乐的同学，爱我的家人，温柔的老师。,2
51077178,去年我：考试没有全力以赴。没有作出很大的进步。没有多次进行性段炼、没有爱护眼睛，没有提升自我、没有空弹琴没有完成计划[SEP]明年我：做任何事都要尽最大努力。多读书。多预习来提升自我，达到个人目标，努力的同时要护眼睛，关爱家人朋友坚持自己的兴趣爱好,0
51058780,去年我：还在上初三，正在奋力拼搏，想要考一个好的高中[SEP]明年我：在为高考做准备，可能对很多题感到头疼,0
51063244,去年我：设想到会学美术，很累。[SEP]明年我：一定考上心怡的大学！见到我的偶像。,1
51059983,去年我：我考上了高中，本以为有无限的美好生活，但是迎接我的是一小部分的快乐和绝大数的劳累，交到了许多朋友，吃了很多饭，考了很多低分，已经适应，自己是低分仔的事实！[SEP]明年我：明我我要高三了，我感到十分焦虑，明年也要满十七岁了，我相信我会进继续玩原神，也要努力学习，赚钱养家并充原神！,1
51074559,去年我：有许多事情都看不长远，做事十分马虎，和朋友经常出去玩，成绩还行。[SEP]明年我：看待事情更加乐观长远，做事更加仔细认真，希望国家可以更加繁荣，天天开心。,1
51078137,去年我：1、心事重重2、困难重重[SEP]明年我：1、万事顺利2、一切安好,0
51076141,去年我：数学很差，周一到周五手机都拥有，没有补课，老师给我的压力很大，语文一直维持在前几，在班上默默无闻。[SEP]明年我：数学有了明显提升，手机周一到周五都上交给老师，和老师的交流更多，语文还是保持着，拥有了更多的朋友，更加开朗、自信。,0
51062584,去年我：有些胖。钢琴考级了。[SEP]明年我：要瘦下来，考上理想的大学,2
51071505,去年我：在家中过年，和朋友亲人一起在夜晚守岁，各自视福平安[SEP]明年我：学习上升，收获新的朋友和知识，平安幸福的享受生活,0
51058716,去年我：经历了新冠，考上了高中[SEP]明年我：高二了，要17岁了，又是一年呦，时间过得好快,0
51074524,去年我：体育更好，脑子不太清醒。[SEP]明年我：更可爱，长的更高，成绩更好。,0
51061012,去年我：刚刚步入了这个校园，激动，陌生[SEP]明年我：要准备备战高考，考上自己理想的大学，加油，好好加油,0
51071591,去年我：垃圾、幼雅[SEP]明年我：垃圾、史奋。,1
51062521,去年我：困，其他还好，[SEP]明年我：不知道，最好好好的，,1
51076062,去年我：上网课，过年，吃团年饭，放鞭炮[SEP]明年我：考试，初三，体考，,0
51077362,去年我：忙忙碌碌，经常在桌上完成学习。[SEP]明年我：通过坚持不懈的努力，一定会有好的结果，我走在路上思考着，未来会是怎样的。,0
51076340,去年我：初到初中，不适应新环境，成绩不好，不熟悉同学。[SEP]明年我：要努力提高自己，与别人的关系更融洽。,0
51078143,去年我：懂不知而快乐学习[SEP]明年我：初中毕业,0
51078170,去年我：快快乐乐，认真学习，做事没有很仔细。[SEP]明年我：依旧快快乐乐，学习要抓紧，做事要更细心，不粗心大意，过好每一天。,2
51076093,去年我：上课会讲话，有时候不写作业。[SEP]明年我：一定会更努力学习。上课一定不会再讲话。,0
51077342,去年我：叛逆，不服从命令。[SEP]明年我：在一定会取最好的成绩，才得到自己想要的东西.,0
51058827,去年我：参加马克思主义系列讲座，积极参与问题，了解到了共产主义的优秀本质，也知道了中国特色社会主义制度为人民带来了不少好处[SEP]明年我：将会参加关于党史国情的研学活动，做一个有红色精神的武侯高中学生,0
51077175,去年我：内向一点，不敢大声说话，成绩不好，[SEP]明年我：变得开朗或是不可内向，敢于展现，成绩会提升，体貌社会不断增强,0
51060977,去年我：来到了高中是兴奋、紧张的，认识了很多新同学，很多新的好朋友。[SEP]明年我：要毕业了，要去接着旅游完成国内旅游攻略。,0
51058918,去年我：周末半夜打游戏，最后拿到自己想要的。[SEP]明年我：打游戏开摆，给谁养谁，周末半夜和同学打游戏，12点睡，6点起。,1
51058126,去年我：有开心的事。和父母有许多学业上的矛盾。有很好的朋友。人际关系处理地很好[SEP]明年我：一定会成绩大大提升、逆袭、非常自信。性格会更加成熟、落落大方。做自己的女主。成为有实力的独行者。,0
51077166,去年我：上课比较喜欢和同学们说活，开朗，活泼，但不怎么听老师家长的管教。[SEP]明年我：成功去上心仪的学校，成绩越来越好，长的越来越帅，身体越来越健康，,0
51077163,去年我：学习成绩比今年好，因为没有化学这一科，疫情使我们在家上了网课，时间过了好久了，网课期间也充足，压力也不大很快乐[SEP]明年我：我马上中考，一定要更加努力考上好的重高，去到一个新地方生活,1
51078173,去年我：和朋友一起出门玩，在鬼屋中，他们抱头尖叫的场景。[SEP]明年我：考上高中与朋友一起实现约定时，心中无尽快乐,0
51058722,去年我：中考失利。在学校中努力却未有什么进展[SEP]明年我：改掉坏习惯。不能只说要做起来。,0
51102238,去年我：做到了我的地理全班第一，生物上了80分。[SEP]明年我：一定在我自己心怡的学校内上课学习。,1
51060082,去年我：焦虑，落寞，有成功（中考）但后悔成功后做出的第一个选择[SEP]明年我：努力、坚持，会为高三做好最充分的准备，或许会因此更快乐.,0
51060932,去年我：经历了许多，成长了许多。[SEP]明年我：专注于学习，别被他人干扰,0
51059752,去年我：没有好好珍惜与外婆在一起的时间；没有特别认真地学习[SEP]明年我：要珍惜与家人在一起的时光；认真学习；减肥；保持乐观,0
51058058,去年我：心怀所想，将成绩提高[SEP]明年我：成绩定会提高，身体会更好,0
51073278,去年我：是一名经历调考升入六年级的小学生。对初中生活无知，但又十分好奇，十分珍惜与小学同学相处的最后一年。[SEP]明年我：是一名要升入八年级的初中生，对中考越来越近。,0
51076159,去年我：开心，积极，向上，乐观开朗。[SEP]明年我：开心，积极，向上，乐观开朗。,0
51077154,去年我：一事无成向，自暴自弃，怨天由人，日复一日的挑灯夜战却没成功[SEP]明年我：功成名就考上理想的高中得到家人的鼓励支持,1
51061033,去年我：在学校表演活动上大放光彩，有了自己的舞台。[SEP]明年我：会变得越来越美、越来越幸福、越来越开心、顺利、健康、乐观、有钱、学业有成。,0
51059794,去年我：刚来高中[SEP]明年我：熟悉高中，忧虑并冲刺高考,0
51077283,去年我：对未来没有规划，得过且过，但内心却装有鸿鹄之志。有时候觉得自己一无是处[SEP]明年我：中考冲刺成功，进入理想高中，开启高中生涯,0
51077330,去年我：还不适应初中的生活，不知道如何调节把握时间，没有安排，也不知道做什么[SEP]明年我：能通过自己的努力上一个自己想去的高中，自己能对自己的努力不后悔,0
51058771,去年我：为考初中迷茫焦虑，怕自己考不上满意的高中让父母老师失望，也怕自己三年努力付诸东流。当时对异性的暗生情愫而纠结。对明明时间紧张却仍然浪费而自责忏悔，有时自我矛盾，有时自我欣赏，陷入循环......[SEP]明年我：为考大学而迷茫焦虑，怕自己考不上理想大学，不能去理想专业，以后在自己不喜欢的岗位工作而焦虑，怕理想和现实的落差感，但在时间推动下不得不往前走，只能咬紧牙关，走一步看一步,0
51073275,去年我：在家里写作业时睡着了，手里还握着支笔，幻想着我就是故事里的主人公，然后经历了很多事。[SEP]明年我：要努力学习，在学校里疯狂疯狂疯狂学习，在冬天写字多了把手冻成一具冰雕。或者做心理测评做到崩溃,0
51058049,去年我：还是一个与初中同学打闹说笑的人，没有意识到时间过得这么快。[SEP]明年我：应该会变得更好，自己满意便是最好的。,0
51059812,去年我：参加运动会和大家一书努力的样子.[SEP]明年我：与我的同学拿到满意的成绩，意气风发的样子,0
51062470,去年我：比今年小，且比今年的我幼稚，去年的我在打球[SEP]明年我：明年的我还在打球,0
51075414,去年我：刚进入初中，对一切事物不熟悉。一个在十字路口不知道往哪里走的小女孩，迷茫、不知所措。[SEP]明年我：对初中生活游刃有余，前面有很多路和小岔路，我走在最正确的路上。镜头放大，在山间走的小女孩可能会迷路，但她也能找回方向。虽然路很曲折，但是向山顶延伸。,0
51058830,去年我：文静内向[SEP]明年我：文静内向,2
51058915,去年我：是否能考上重高，二诊是否能直升。[SEP]明年我：会比现在更忙。,0
51073295,去年我：是一个小学生，压力小，没有什么烦恼，除了学习就是吃吃喝玩乐，每天都会非常开心，周末可以做自己想做的事情。[SEP]明年我：是一个八年级的初中生，压力变大，除了学习几乎没有什么课余时间，但我会乐观，阳光积极对待每天和每一件事会多找时间做我想做的事,0
51058777,去年我：15岁，上初中，初三准备中考，很久没有参加各种活动、出去旅游了[SEP]明年我：16岁，高中生，参加很多有趣的活动，充实自己的生活，努力竞选各种干部，锻炼自己,0
51063171,去年我：比以前好。[SEP]明年我：也许会变得更好。,1
51062602,去年我：困，没精神[SEP]明年我：希望能一帆风顺,0
51060022,去年我：玩得很开心，也没那么开心[SEP]明年我：一定要努力，当个好大学，找个好工作,0
51059690,去年我：1、好学却又偏科。心理状态变差2、对生活时而积极，时而厌烦[SEP]明年我：1、学会变得更好的2、期待但也恐惧，些许迷茫,0
51062545,去年我：开心，快乐，有悲伤，但过程很深刻，是美好的[SEP]明年我：更好、更美，学业up，在理想的大学就读,0
51059699,去年我：过得很一言难尽，今年也更不好，更霉。[SEP]明年我：希望一切都能好起来，所有事情都像期望的那样发展。,2
51062581,"去年我：学会了滑雪，迷上了足球[SEP]明年我：马上就要出国玩啦，哈哈哈！(高考后）,还要打扮的美的出去玩，旅行还有徒步！(其实还想健身）",0
51075393,去年我：感觉总喜欢和好朋友一起傻笑，觉得自己很幼稚。[SEP]明年我：想变得更成熟，交更多的朋友，学习再认真一点，更刻苦地练田径争取达二级,0
51061068,去年我：遇到了许多挫折，做了许多后悔的事，并且影响至今，浪费了很多时间，也没有达到自己心里所期望的那样。[SEP]明年我：想要努力做更好的自己，装更多的逼，变得更帅，满足自己,0
51074533,去年我：身体胖，一直被瞧不起[SEP]明年我：身体没有那么胖了，有了很多朋友,0
51076108,去年我：生病了，成绩幸好补回来了。希望学化妆但因为时间原因拖到今年才学[SEP]明年我：不知道能干什么，每天都是重复相似的事情，想学数位板，但肯定没有时间.,1
51058661,去年我：经历了中考，中考前是压力顶级的时期，但在亲友鼓励下，我顺利通关。去年我和父母暑假时期去峨眉山旅游。[SEP]明年我：期待着自己在学业上能有更大突破，希望交到更多朋友，更好地融入班级，家人之间越加和睦。,0
51062479,去年我：挺开心。虽然因为新冠学习在线上，放了挺多假[SEP]明年我：希望能成功完成联考，至少不让自己过于后悔。,1
51074494,去年我：有那么一点忧郁，因为我的成绩一直提不上去，又被老师批评，让我非常不高兴。这让我从七年级下册开始努力，努力让老师不批评我。[SEP]明年我：有那么一点怀念小时候无忧无虑的生活，可要中考了，不可能再像小时候那样玩耍，要想办法提高自己的成绩。,0
51073245,去年我：我很快乐，小学六年级的我无忧无虑，和同学们一起十分开心，只不过会做几件其他的事，在外参加签球比赛。[SEP]明年我：面对的只有无尽的作业，还有令人厌恶的一部分初中同学，令人反胃，身体越来不好，不再充满活力,2
51058010,去年我：长的丑，长的短，被同学排斥，一个人独坐[SEP]明年我：没有什么变化，好像变聪明了，在努力学习、背书。,2
51058879,去年我：如同现在，生活一日一日过去，生活是学习、吃饭、睡觉不过如此罢了，时光流去，去年我那样，明年也会如此么？何时是头？大学不会更轻松，工作不会更轻松，只是思考。[SEP]明年我：也许如同现在，也许不如同现在，也许更累，也许望不到尽头，人生的价值是什么呢？我的理解是留下价值，不仅要给予别人价值，还要给予自己价值，人的一生都在寻找自己的价值，或长或短或重或轻。总之不负自己不负青春，不负国家。,0
51075348,去年我：差不多都一个样。[SEP]明年我：不知道。,0
51058013,去年我：调皮，爱玩，同时也在努力学习为高中而艰辛奋斗[SEP]明年我：会更加成熟稳重，会为自己考虑更多一点，让自己更加卓越完美.,0
51063177,去年我：低效，眼高手低，心不在焉[SEP]明年我：高效，去完成目标,2
51059725,去年我：失去的大于获得的，灵感源源不绝，学习不是超级上心，困惑包裹着我，我在一直寻路。[SEP]明年我：也许会有更多好的故事，值得留恋，也许依旧平凡，但不平庸吧，我终会接受自己，更多人也是吧,0
51058815,去年我：去年的我还是一个初中生，但是初中的环境与同学关系之间并不友好，很勾心斗角，压抑，但从现在看以前初中的作业真的很少[SEP]明年我：明年我将成为一名高二学生，即将面临高考以及分科，我的内心对未来有规划，有憧憬，有担心有害怕,0
51058930,去年我：努力奋斗，备战中考。感受岁月美好。[SEP]明年我：高考选科完成，继续深造。,0
51074577,去年我：1、不努力2、顽固3、某些时候独立专行[SEP]明年我：1、更加努力，为以后的自己创造更好的未来2、将自己的兴趣学好，为以后就业增加可能,0
51076082,去年我：幼小、无知、好奇、大方、开朗、努力[SEP]明年我：努力、认真、仔细、进步、大方、开朗、好奇,0
51077292,去年我：不了解学习的重要性，开朗、爱笑、阳光[SEP]明年我：努心学习，阳光，开朗、朝着自己的目标努力拼搏，奋斗,0
51075360,去年我：是一个乐观的人，自己经常跑步的人，有无限快乐的人[SEP]明年我：会变得更加胖，更对生活充满期望的人，同时也会比现在更好，更加安逸，我也将要迎接中考。,1
51075387,去年我：期末考的还不错，所以暑假去了广东，十分滴开心呐[SEP]明年我：就初二下了，有点紧张，我要努力学习，考上好高中。,0
51060037,去年我：对学习不上心，心态不平稳、生活压抑、有目标但不付诸行动[SEP]明年我：努力学习、调整心态、实现理想抱负、好好生活、过让自己舒适的生活,0
51134110,去年我：为了自己的成级而焦虑[SEP]明年我：为所有的事情不管不顾,0
51061030,去年我：我来到武侯高中，开始了新的学习，我到了四班，四班没有我的好朋友，刚开始是还有点不适应，但同学的关爱还是感染了我。[SEP]明年我：我将是父母老师的骄傲，我拿着傲人的成绩，不愧于这些年来的学习，我不断提升追求理想，吾之初心，永世不忘。,0
51060962,去年我：没有怎么学习，成绩有点不好[SEP]明年我：后积薄发，努力考大学,0
51060079,去年我：刚踏入高中，在这应高中生活，高一累中但是还算开心，总的来说不错。[SEP]明年我：希望可以更加努力，达到自己目标.能越来越好.希望自己事事如意.健康快乐.,0
51074521,去年我：无知，胆小，不开朗，不爱拍照，不自信，没有礼貌。[SEP]明年我：成绩会更好，长得更漂亮，更自信、乐观、开朗，有礼数。,0
51058704,去年我：在画画，在学习，在思考人生，在撸猫猫。[SEP]明年我：去乡下隐居、画画、在没有人的地方、一句话不说一整天、养一堆猫猫。,1
51063188,去年我：懒散过，争吵过，挣扎过，没有完成自己的目标。[SEP]明年我：加倍冲刺，高考成绩达到我的理想目标。,0
51058945,去年我：拼命锻炼，为一些好朋友、知己一起努力，我们可以约着周末一起玩，一起笑，一起奔跑和开玩笑，也曾一起哭，一起困。[SEP]明年我：想要认真学习，努力考好，争取选定中上的目标院校和专业，有明确目标并为之努力。,0
51076165,去年我：才进入初中，在学校和同学比较拘谨放不开，英语和天书一样，数学也很难。[SEP]明年我：要九年级了，压力可能比现在要大，学的更多，和同学也更熟，懂的更多。,0
51076144,去年我：我去年得了新冠，父母守在床边照顾我。[SEP]明年我：我明年要更努力学习，减肥。,0
51109322,去年我：不善社交，长得矮，不懂说话前要三思[SEP]明年我：努力社交。要注意自己的言行。,0
51063162,去年我：浑浑噩噩，清醒的没有了目标[SEP]明年我：接受你，并做好自己,2
51072895,去年我：1有了成熟感觉2，快要进入新的生活了3，快离开以前的老师了。[SEP]明年我：1，应该有更大，更多的收获2，变得更加成熟有自己的志向与想法。,0
51058040,去年我：去年我还坐在初中的教学楼里，静静的听着老师讲课[SEP]明年我：会拿着理想的成绩单在爸妈，朋友面前炫耀,1
51077202,去年我：没干什么大事，依旧在好好学习，安静度过了一年，[SEP]明年我：要好好努力，一定要取得一个好的分数，希望还能再长几厘米，要争取做到自己计划的事情,0
51078123,去年我：去年的我还是一名八年级的学生，当时面临着生地会考，我感到畏惧和害怕，我担心我拿不到满分，以至于在中考落后于别人。[SEP]明年我：明年的我也许已经坐在我理想的高中学习，也可能并没有到我理想的高中，但只要我现在不虚度光阴，我就不会后悔。,0
51071588,去年我：长得帅吗？长的好吗[SEP]明年我：长的胖吗？成绩好吗？,0
51078176,去年我：压力校小，还可以和同学们说话，在学校的生活十分的有趣[SEP]明年我：压力较大，作业多，已经没时间玩了，时间十分的紧迫，努力的在家里做题，在外补课,0
51077238,去年我：感到快乐，幸福、满足，有朋友陪在身边，精力充沛积极[SEP]明年我：要迎接中考、要更加努力学习，要给我的朋友带来快乐,2
51076171,去年我：期末发挥优秀，总受表扬，与同学互相关爱、竞争。[SEP]明年我：与同学互帮互助，共同进步。,0
51076147,去年我：不太成熟，不太擅长与人交往，不擅长与人交朋友，有想象力。[SEP]明年我：成熟，心理成熟，知识更加积累的多，文笔好，有想象力，爱想象。,0
51063241,去年我：过的很不开心，发生了目前最低落的一段时间。[SEP]明年我：我希望会过的更好,1
51073205,去年我：憧憬，无知，傻，自作多情[SEP]明年我：外向，做事严谨，变高更帅，成绩爆好,1
51062557,"去年我：不清楚很多方面的本质，底层逻辑，很多道理懂但不实践，经历了太少，很多事没有经验，没有找到合适的学习方法，不知道如何分辨很多人与事之间的真假，一如既往的想考美院[SEP]明年我：一定会上美院，成为自己想成为的人,找到志同道合真诚的人和事。",0
51058034,去年我：压力很大，为学习，乐观无限，身体虚弱[SEP]明年我：积极向上、努力学习、乐观开朗、拥有自己的时间，劳逸结合,1
51063150,去年我：蠢，果然人是会进步的。[SEP]明年我：变得更牛逼，所有人都觉得我牛逼,0
51060648,去年我：参加了中考，发挥失常，但是不怕，高考还有机会，与一位女生互相喜欢，就成了男女朋友关系，但是我害怕被老师发现，就很低调，但却没问她的感受，当时想扇自己，分了后，我开始努力变优秀，但一个暑假，又有些不想努力了[SEP]明年我：把心思先集中在学习上，不要被其它迷惑了心智，中考失利了不怕，高考再冲！定一个目标,0
51102263,去年我：见到了我很久不见的童年时的好友，我们各自分享了我们在学校的经历和见闻，时间并没有消磨我们的友谊，而员让它更加坚固。[SEP]明年我：明年我即将面对人生的第一道高坎。祝愿我能成功达到我希望的高度，努力开创属于我的未来。,0
51058894,去年我：去年我还在上初中，没有烦恼，天天开心。[SEP]明年我：明年步入高二，将会选科分班，作业更多还更难，压力更大，人更累。,0
51059980,去年我：过于放松的高一学生，做事没有分清主次，觉得玩才是第一[SEP]明年我：紧张的高三学生，要为以后做准备做打算，要考个好大学，迎接光明未来。,2
51058745,去年我：没有完成自己想做的事，没有达到自己期望的目标。有许多遗憾，做错了许多决定。[SEP]明年我：努力上进，积极进取，取得更好的成绩，吃好睡好身体好。,0
51058759,去年我：奋斗努力，但还是有点小废物，乏力疲倦，对现在充满了向往，时而悲伤，时而乐观，喜欢看世界却走不出是世界，中二，喜欢二次元，喜欢打原神，喜欢听故事。[SEP]明年我：也许会实得更加努力学习，雄姿英发，羽扇纶巾，谁怕，一蓑烟雨任平生。毕竟要高考，这一年的也许会跟今年一样中二自信，潇洒，还是爱玩原神，毕竟还没完结。应该变得更帅.会对在人生后期的自己说加油,0
51076150,去年我：活泼友好大方，特别外向。[SEP]明年我：活泼友好大方，能给别人带来快乐。,0
51060016,去年我：风华正茂+傻逼[SEP]明年我：沧海桑田+傻逼,0
51071493,去年我：对万物什么都不知道，只知道学习。[SEP]明年我：知识渊博，习惯良好。,0
51058927,去年我：乐观、努力、交到了很多好朋友，并和他们度过了很多美好的时光。[SEP]明年我：更加努力，搞好学习，不那么焦虑，和好朋友维持好关系。,0
51058680,"去年我：真的努力了吗？还是只愿船到桥头自然直，真的快乐了吗？还是跟风而浪费的时间与金钱，真的如愿表达对父亲的爱了吗？还是一时怨气上头而造成的深沟，真的蜕变了吗？还是在他人面前展现的高超演技。[SEP]明年我：考试顺利通过了吗？与家人团聚了吗？如愿拿到心心念念的90D了吗？亦或是230,Rio,rso?又或者与父母再度爆发争执？能真诚的看他人的眼睛了吗？在人生十字路口的选择上，能不再做那个左灯右行的叛逆者了吗？",0
51102217,去年我：比我现在小一岁，也比我现在瘦。那时候不用比现在辛苦，还很快乐，不用太担心学习的压力。[SEP]明年我：那时的我是否在上学呢，还是去在找工作，承受社会的压力，我明年会比现在开心吗，但愿如此。希望再回头的时候，不再是孑然一身了。,0
51073213,去年我：开朗、活泼，对任何人都以阳光的一面，算不上温柔，足够好了。和父母有些矛盾，还没太沉迷于二次元角色。[SEP]明年我：依旧这样，希望跟父母的矛盾能解决，和同学搞好关系，学习也更上一层楼，,1
51062605,去年我：过得很庸碌，很忙，但不知道自己在忙什么，总觉得事情很多，做不完，但又不知道从哪里下手。放任很多事的发展，感觉自己碌碌无为，很迷茫。[SEP]明年我：希望通过自己的努力完成梦想，考上理想的大学和一些未完成的自己既定的目标！,1
51058788,去年我：有很多的遗憾也收获了许多的欢乐，不太记得去年的事情，和家人，朋友相处愉快，大家身体也很健康[SEP]明年我：要不留下遗憾，收获更多的快乐，希望大家身体依旧健康，什么事情都能一帆风顺，在学习也有进步,0
51074512,去年我：很自律成绩良好，喜欢看书，学习对未来充满期望[SEP]明年我：备战中考，全心全意投心于中考，为自己的未来做打算努力奋进自律。,0
51072773,去年我：才上6年级下。有很多的朋友。[SEP]明年我：上七年级下。我有点学习困难。,2
51071576,去年我：完成了性格的大转变，从精灵变成了古怪，但我喜欢古怪的我。[SEP]明年我：成绩希望从良变优。家里一切如常。,1
51059806,去年我：幸福心想事成，完美结束初中生活，但高中前一天突然死亡[SEP]明年我：超凡大师，最强王者，掌控全场，I'm the king of the game.,0
51073310,去年我：自信开明活泼，无忧轻松，有想处很久的同学一起玩耍[SEP]明年我：自信开明活泼，但忙于学业的压力，不大轻松。喜欢运动，对旅游充满渴望想要放松。,0
51071561,去年我：还是一个单纯的小孩，还是一个快乐的人。[SEP]明年我：我的近视会加重，我自己也会领略到更多东西。,1
51058900,去年我：为中考而焦虑。每天都在担忧考试成绩中度过，但同时又期待中考考好。[SEP]明年我：高二会进行分班选科，高二我将比现在更加努力奋进。,0
51058004,去年我：努力备战中考[SEP]明年我：顶着学习压力向前冲,1
51058129,去年我：还在初中，和我的好朋友们无忧无虑的学习、玩耍，没啥压力，上课时的样子[SEP]明年我：压力应该会增大，刻苦努力的学习，睡眠不够，在上睡觉的场景,0
51075366,去年我：很开心，头痛[SEP]明年我：应该会好一点吧，期盼明年,2
51077316,去年我：那时的正处于爱疫情，八上大半时间都在网课中度过，那时并没有如今这么大的压力，那时的我也只不过且刚“脱离”七年级这个阶段[SEP]明年我：会考上一个心仪理想的学校，会与嘉祺和紫吟见面的！那时的我一定会顺顺利利的！一起去未来！,0
51058839,去年我：去年的我在中考，别人的初三都是繁忙的，而我觉得初三是最快乐，或许初中三年，那一年才让我懂得到底怎样学习，之前训练方式给我自己形成努力的假象但又没成绩，让自己很累，去年还能与旧友在一起，今年在见一面能都难[SEP]明年我：我一定长高了，变瘦了，成级越来就好，精神状态越来越稳定，有一定经济基础，审美越来越好,1
51058742,去年我：还在上初中，身边是一起经历三年时光的同学，我们一起为中考奋斗，却也会在任何空余时间里聊中考后的规划，以及对高中的憧憬[SEP]明年我：上了高二，我能拥有我喜欢的游戏人物的绝大多数周边，也能有一个娃娃陪我每个日日夜夜，我的成绩也可以持续上涨，不再是吊车尾,0
51061000,去年我：刚上高中，有点不适应[SEP]明年我：要准备高考了,0
51074500,去年我：不自信，成绩差，悲观，没有几个朋友，焦虑，烦恼，平凡。[SEP]明年我：自信，成绩变好，乐观，朋友变多，平静，冷静。,1
51073322,去年我：愚蠢的我在笑。不完美的太多，成绩直线下滑的成绩单。[SEP]明年我：经常拜佛，跟妈妈生活。笑得很灿烂,1
51072824,去年我：爱运动喜欢打游戏，爱数学，好看，人际关系好，[SEP]明年我：努力，向上。数学考高分，学习很晚。,0
51060959,去年我：刚进高中的大门，内心是害怕的，期待的，学习没有压力，玩得很开心。[SEP]明年我：要为高考做准备，要进入紧张的备考阶段，但同时也离成年，踏入大学更近一步。,0
51073292,去年我：比较内向，有社交上的障碍，有时候会其想到以前伤感的事，考试的成绩太一般，有一点点快乐。[SEP]去年我：比较内向，有社交上的障碍，有时候会其想到以前伤感的事，考试的成绩太一般，有一点点快乐。,0
51062154,去年我：思想不成熟，对自我认识不全面，善良但无知。[SEP]明年我：成为一名大学生去了喜欢的专业做喜欢的事情一切顺遂，身体健康，生活快乐。,0
51074571,去年我：迷茫、不知道如何才能提高自己的英语。[SEP]明年我：努力、加油、努力考出一个好的英语成绩。,0
51072830,去年我：该上课上课，该学习学习。到处去玩。[SEP]明年我：学习更好。生活更开心快乐。,0
51071522,去年我：跟今年的我完全不一样，去年在学校跟同学玩很外向，但在老师面前不敢歧声。今年我不仅和同学玩很外向，老师面前也不在不敢咬声。[SEP]明年我：我希望明年的我能好好学习，但学习压力也在不断的增加。怕明年的我不能很快适应。,0
51077193,去年我：不用体锻。上体育课很轻松、老生病。没回几次老家，暑作作业提前写完的[SEP]明年我：上高中可以拥有属于自己的手机不用再用小天才电话手表了，还能回老家过年拿包,0
51071603,去年我：顽皮、黑暗，肾虚，没脑子，傻子[SEP]明年我：当傻子，当疯子，孤立所有人,2
51074479,去年我：开朗，但总会在一个人的时候，不自觉地伤心，害怕他人议论我，十分喜欢听歌，有了自己的圈子，有一个大胖子与我玩乐。[SEP]明年我：开朗，不希望大家不和我玩，想要长高，变白。,2
51075369,去年我：与今年相差不大，都是一个初中生。最大的差距自然是知识增多了。[SEP]明年我：会在学校获取更多知识，更丰富自己的阅历，准备好好迎接人生中的一大关卡——中考。,0
51058061,去年我：和初中同学一起郊游。我们一起在路上分享食物，一起聊天，聊八卦，[SEP]明年我，想出去旅游，和父母或朋友一起。一起放松心情，释放压力，,0
51060013,去年我：在高一时.狠狠摸鱼[SEP]明年我：疯狂内卷、刷必刷题.企图逆袭,1
51072788,去年我，羽毛球荣获区级冠军，将考级考满。[SEP]羽毛球荣获省级冠军，将青少年一级运员拿到手。,1
51059788,去年我：胖、矮[SEP]明年我：瘦、更帅、成绩终于变好,0
51077336,去年我：可爱、听话[SEP]明年我：平常,1
51076056,去年我：去年，发生了一件我伤心的事，我的狗死了，我难以置信，连哭好几天，成绩还算可以，都正常发挥[SEP]明年我：决定好好学习为中考做准备，,0
51060927,去年我：在寝室里打王者被阿姨抓住了[SEP]明年我：尽力学，能考上大学就行,0
51060115,去年我：有点颓废，想努力但不愿意奋斗，父母的自身矛盾，但我也有沉重的压力，不能真实做自己，压力有的很大，快崩溃了[SEP]L明年我：想自由自在，没有很大的压力，没有人阻止我的想法、随心所欲,1
51058730,去年我：在初三时忘我的奋笔疾书，同时受老师的不断责骂与家长着急的问候。[SEP]明年我：希望一雪前耻，希望成绩早点提上来，希望也能得到老师、家长的肯定。,0
51076114,去年我：成绩优秀，聪明，调皮，富有责任感，有爱心[SEP]明年我：进入足球队，成绩更好，身体更棒，长得更高，更幽默，更阳光。,0
51059809,去年我：刚上高中，一年中改变了许多，这一年比我初中成熟的多，也变漂亮了[SEP]明年我：要开始集训了，争取在联考中取得好成绩，希望在明年的比赛中能拿到好成绩，也要越来越漂亮.,0
51077208,去年我：没有取得好成绩，但生活得十分愉快，轻松，放学后与朋友开心地聊天大笑[SEP]明年我：在考试后取得了优异的成绩，被好的学校录取，在假期无忧无虑，,0
51102276,去年我：成绩起伏严重，初二比初三轻松太多，只有一只小猫，没有体锻，开心（现在也开心）。[SEP]明年我：会去到自己想去的高中，有机会去看IVE中国演唱会，会多有一只小猫，会收获(在高中)新朋友。,0
51058774,去年我：在网课期间成绩下滑，一诊失利，二诊考出了寻常的成绩；感染新冠，过年，[SEP]明年我：想选文科，进入好班，努力学习，朝着我的目标前进,0
51058091,去年我：是一个不安分的人，自由散漫[SEP]明年我：将更好好学习，天天向上，为社会主义现代化而奋斗,0
51073234,去年我：帅气逼人、玉树临风，现在的我“道成枯落，多不接生”[SEP]明年我：加油，我最棒！,0
51062572,去年我：学习上进，有较大进步，精力充沛，没意识到自己身边的巨大隐患。[SEP]明年我：拼搏，放手一搏，在高考中取得优异的成绩，进入自己理想的大学。,1
51075402,去年我：期末考试没有考好，错失了第一，有一点伤心。立志今年要考出自己的真实水平，让父母对我刮目相看。国际象棋考了二级[SEP]明年我：冲进了全校前100名，平时考试考得好，学习取得了较大的进步，多结友到了几个朋友，足球技术更上一层楼，对自己充满信心，对生活充满希望。,0
51071484,去年我：学习不好。朋友很多。[SEP]明年我：认真学习。努力提升成绩,0
51134107,去年我：过得精彩却又有悲伤。[SEP]明年我：将面临高考，想和自己想一起的人一起去到想去的成市。,0
51062551,去年我：在家休息，去了很多地方，拍了很多喜欢的照片，认识了很多喜欢的人们，很幸福[SEP]明年我：不知道，也不想知道。,1
51072880,去年我：自由快乐[SEP]明年我：都一样,0
51059977,去年我，满怀期待，来到武高，希望可以遇到志同道合，性格相符的人[SEP]明年我：奋力冲刺.积极准备高考，并望在高考中胜利,0
51071585,去年我：没什么，都过去了，一张照片而已[SEP]明年我：没什么，都过去了一张照片而已,1
51074530,去年我：进入初中，对未未充满了好奇及一些不能用语言说的情感，又大是对未来和过去的概况吧。[SEP]明年我：会为实现我的目标而奋斗吧,1
51058868,去年我：整天都沉浸在学习中、冲刺中考、锁网、手机交给妈妈保管，自信在国旗下发言，积极向上但有时会被困难阻碍，最终还是解决掉了[SEP]明年我：认真学习、勤奋刻苦、开始内卷、积极上进、心思做全在学习之,0
51062530,去年我：商高二学生，活着的人[SEP]明年我：大学生，活着的人,0
51075324,去年我：刚上初中，在紧张的学习也慢的适应了，不那么累了[SEP]明年我：给自己买一双鞋，去夜年上大吃特吃，在过年时把在学校没吃的补回来，然后穿着新买的鞋和朋友一起去打篮球。,0
51073190,去年我：超级忙，忙得没有时间休息，但让我感到很充实[SEP]明年我：有许多想做的做，想得到的东西，也有我想自己的规划。是个很重要的阶段。,0
51060055,去年我：在焦虑家庭的事情，在高中交到了新朋友，和第一任班主任关系很好[SEP]明年我：焦虑高考、马上没有防沉迷了,2
51062566,去年我：挺平淡的，成绩稳定上升[SEP]明年我：会步入大学，开启新的生活，有更多时间自由安排，做我想做的事。,0
51060073,去年我：与朋友一起去欢乐谷游玩.[SEP]明年我：一定要比现在更有一番成就,0
51058037,去年我：我要好好学习，考上高中，再考大学。赚很多钱，带我的家人去旅游。[SEP]明年我：我要买路虎，我要住大平层，我要考高分。,2
51071519,去年我：1米37，短小，死板[SEP]明年我：1米45，帅气逼人,1
51059719,去年我：好傻[SEP]明年我：好帅,0
51061027,去年我：有好也有坏，不一样的是心境心态是提高的，人一样，只是不似从前一样乐观[SEP]明年我：希望明年成绩上升，阴阳我的人少阴阳，少跟我说话，麻烦事越来越少，顺心顺水，希望家里也越来越好，姐姐也越过越好。,2
51075396,去年我：长的不胖，长的黑，没朋友，成绩差。开朗阳光向上，[SEP]明年我：长的更胖，长的更黑，有较多朋友，成绩中等，不再想什么偏心与虚实，走好当下的路做好最真实的自己，更加爱自己不要讨厌自己，自信一点。,1
51076126,去年我：去年我很无知，对很多不同的事感兴趣，无心学习，只想着玩的开心[SEP]明年我：会更加努力学习，自己努力赚钱，虽然不多，但买到了喜欢的小说周边。,1
51077226,去年我：与父母关系特好，和朋友相处和睦，美中不足的就呈体重有点过头。但我与朋友相处这样好，也就没什么对世事与体重的烦恼。[SEP]明年我：在中考的战场上挥洒汗水，争取与朝夕相处的朋友一决高下：毕竟直到现正还没赶上他们。之后还要好好与父母去骑车，和朋友聚会。对我而言，也能称作最好,0
51058719,去年我：初三的时候，就主要是学习了，害学得也不认真，回家第一件事就是玩手机，作业都快10点了才开始写，但就是一点压力也没有，考试前一点都不紧张一点都不像别人那样，所以初三和初一，初二没啥两样还是过得挺开心的。[SEP]明年我：高二认真学习，努力学习，希望万事如意，当然我最看重的还是平安喜乐。,0
51058897,去年我：焦虑，不安，紧迫，疲惫。[SEP]明年我：希望我健康、和谐、平静、沉静快乐，能吐露自己的心声，对他人多信任，多敞怀，快乐开心。,0
51058114,去年我：在上初中时，我与我的同学们关系都很好，我与我最好的朋友形影不离，我们会在一起学习，吃饭等，我很享受当时的时光。[SEP]明年我：要认真学习，处理好之间的人际关系，努力学习，一定要把成绩提上来，加油！,0
51062175,去年我：做事还不是很成熟，学习还不够努力。[SEP]明年我：将在做事之前深思熟虑，更努力对待学习的挑战，成为阳光开朗大男孩。,0
51074518,去年我：成绩不好，一无是处，只会打篮球。但活得十分快乐。[SEP]明年我：争取在会考时取得好成绩，将英语给补上来。,0
51075405,去年我：刚上初中，有一点儿不适应，成绩急速下滑，最终在家人和朋友的陪同下走了出来。[SEP]明年我：一定要成长为我心目中的样子，成绩优异，体育好。,0
51062575,去年我：活在梦里[SEP]明年我：电子厂打工,2
51062554,去年我：低迷，单纯，好骗，迷失自我，勇敢善良，完整，开心，自由，乖巧，听话。[SEP]明年我：成长，蜕变，变瘦，考上好大学，成为更好的自己，完成自己的梦想，尝试一切想做的，不再畏惧困难，不逃避,0
51063218,去年我：在人际交往方面作出了重大抉择，脱离了让我痛苦不堪的人际关系网。[SEP]明年我：将会前往大学开启新的生活，学习更多我想要学习的东西。,0
51058067,去年我：奋战中考，热夜苦读，没日没夜地学习，拿到成绩的那一刻，心中终下释然.[SEP]明年我：会在为未来规划，更加努力地学习，因为我即将面临的是此中考更重要的考试.我会脚踏实地，一步一步，为名校加油,0
51058088,去年我：幼维，愚笨，不认真学习[SEP]明年我：认真学习，计划未来,0
51063197,去年我：就那样。[SEP]明年我：上大学！,0
51074536,去年我：有些贫玩，学习时不太专心，但成绩还不错，并且经常打乒乓球，十分快乐。[SEP]明年我：将会更加努力学习，争取有一定的进步，也希望认识更多的人，结交更多的朋友。,0
51072812,去年我：还是一个小学生对初中生活一点也没有概念，早知道这么累我一定要好好珍惜。[SEP]明年我：在当中学生熟悉之后我就要努力发力，让成绩更上一层楼、,0
51060968,去年我：把老师的网课调至后台播放，自己进入了王者峡谷，去年对学业未放在心上[SEP]明年我：开始明白成绩的重要性，但我没时间后悔，还有时间可以继续努力.,0
51062548,去年我：幼稚，不爱学习，还没长大。[SEP]明年我：考上理想大学，成为一个大人，做自己喜爱的事，每天过得很快乐。,0
51076059,去年我：不怎么优秀[SEP]明年我：可以考上更好的高中,1
51071543,去年我：过年[SEP]明年我：过年，,2
51078108,去年我：傻、过于自信，以为自己是最厉害的、什么都可以做到最好，认为自己只是不想去做罢了[SEP]明年我：为未来充满担忧,1
51060127,去年我：在二班娱乐，很开心很充实，但没怎么读书。[SEP]明年我：耍不了了，坐在教室疯狂学习，准备高考。,1
51077205,去年我：在国家政策开放时，我们一家都染上新冠，那时我发高烧，在床上躺的那几天真不想再经历第二次了。[SEP]明年我：奔赴人生的第一个转折点——中考，我会尽我所有的全力，三年的热血雨下，是时候摘取果实了，,0
51077274,去年我：过的浑浑噩噩，好像在学习中没有获得什么。[SEP]明年我：可能和同学们一起考完中考就步入职高了吧,0
51058073,去年我：获得了很多，我也付出了很多。[SEP]明年我：不再索求，自己付出、自己获得。,0
51075390,去年我：还是一个无知的少年，如令的我已成长，干过的事让现在的我感到疑问。[SEP]明年我：我也想到会成为一个什么样的人，可能在学校中为高考而努力,0
51058824,去年我：在为中考焦虑。[SEP]明年我：可以为高考焦虑了。,2
51074473,去年我：第一次踏进初中的校园，见到新的同学，新的面孔，是十分的紧张，无知的。也对未来的初中三年感到期盼。[SEP]明年我：面对中考，希望自己能够静下心来，好好学习，争取上一个好的高中。,0
51060067,去年我：打雪仗，很有意思[SEP]明年我：画画画得更好,0
51078093,"去年我：废物一个,毫无进展。[SEP]明年我：来自社会的恐惧使我退缩，但我无路可退",0
51058942,去年我：很努力，智商巅峰，友情很多，广结人缘，在年级上有名有成就有作为，家人身体健康，时常小吵使家庭更和谐。[SEP]明年我：更努力用心呵护健康，更积极向自己的目标更加靠近。,2
51073298,去年我：去年面临即将升初中，担心自己没考好，导致初中也不好，在家人的催促下，努力复习，当我得知来到这所初中时，自信满，准备一冲云霄。[SEP]明年我：明年我将为初三冲刺做准备，争夺班级第一，数学成绩好起来，做题不粗心，认真审题，,0
51058948,去年我：我初三了，当时变应对二模，无天刷题，晚上和同寝的人一起嗨皮、聊天。我们去了海洋馆，再次与前几年的事情一起，只不过这次逛了更多，更好玩[SEP]明年我：我一定要好好努力，争取考上好大学，这样有社团，更好玩喽，更努力，越努力，越幸运，争取当上团员。,0
51073216,去年我：打篮球十分垃圾。懂的东西太少了。天真[SEP]明年我：打篮球技术提升。学习成绩提升，变得更加乐观、活泼。,0
51075345,"去年我：来到了初中，我同学比中学好很多，交了很多朋友，成绩提了上来，玩游戏的时间少了，很烦也很无语[SEP]明年我：上初3,很紧张，很怕同时也期待美好的高中生活，希望能在成都上个重高。",0
51072901,去年我：一个无忧的小孩，当时我还什么都不知道。[SEP]明年我：自己变的成熟，朋友也一定很多，说不定学习也有进步，,0
51060124,去年我：没有把学习当回事，太放纵自己了，也没有照顾好自己的身体[SEP]明年我：要加油、拼命的学习，将自己的文化成绩和专业成绩提升一大载，考上自己心仪的大学。把自己的身体照顾好，,0
51059767,去年我：很开心、不会为学习发愁[SEP]明年我：努力学习，认真复习，专心致至,0
51060007,去年我：有点失败发生了很多不愉快的事情，且记忆犹新，造成了很多伤害[SEP]明年我：就要上“战场“了，有点紧张，但不过也还好，希望自己能有个好结果.,1
51060941,去年我：我和弟弟偷偷买鞭炮放，特好玩[SEP]明年我：我爸妈带我在北海度假，我要去看海了，还要捡贝壳,0
51073272,去年我：成绩还可以吧，有几个朋友，长得好看[SEP]明年我：有希望，有目标，有快乐，有好朋友陪伴，会越来越好。,1
51058686,去年我：在初三时没有好好学习，导致成绩下滑。经常和同学约着打游戏。[SEP]明年我：好好学习，奋发图强、争取用知识改变命运，在闲暇时陪父母干活。,0
51071540,去年我：希望快点初中的生活，快乐，白由，温暖，同学和老师都很了解我吧[SEP]明年我：一定会更好在班上前3，语文一定会更加的棒不会再不及格了!!!英语一定会放出我心中的一团迷惑，会更加的好，在85分以上吧，数学我要更好，明年一定很顺利，更加美满。拥有更多财产，更多压岁钱，,1
51134124,去年我：还在为学习忧、，发愁、没有目标、没有动力。[SEP]明年我：要站在武当的山巅，于日出时分，阳光照耀之下，打一套我最爱的太极，在鸟鸣之中，树林丛中，自然之中，放下杂念，只做自己。,2
51072850,去年我：数学成绩优异的我。活泼可爱，[SEP]明年我：勤奋好学、努力奋斗的人。我要好好完成老师的任务。,0
51071466,去年我：阳光开朗，对什么事者很上心。喜欢玩耍和吃甜食和烧烤，火锅加蛋烘糕。吃货。[SEP]明年我：阳光开朗，成绩上升，仔仔细细。拥有了更多的朋友。不会迟到。更加自信。爱吃好吃的。,0
51076117,去年我：无知，跑的慢，自大，自以为是[SEP]明年我：跑得更快，长得更高，心理更成熟,0
51062226,去年我：没什么两样[SEP]明年我：上大学后，不知道适不适应，好害怕,2
51073225,去年我：无所事事，玩耍成了首选，天天作业不做，家务不干，主打的就是一个“凭什么”[SEP]明年我：今年的我踏上了初中，一切都变了，我变得不再玩电子产品，我变得每天写作业写的很晚，我变得不再任性，变得懂事，所以明年我要更努力，单单是习惯好还不够，我要德智体美劳全面发展,1
